"NAME","RSTK__ACTIVITY_ENABLED__C","RSTK__APPROVAL_ENABLED__C","RSTK__APPSECURITYKEY__C","RSTK__HEADER__C","RSTK__HIDEADDLINK__C","RSTK__HREF__C","RSTK__ID__C","RSTK__IMAGECLASS__C","RSTK__INACTIVE__C","RSTK__KEYPREFIX__C","RSTK__LABEL__C","RSTK__LEVEL__C","RSTK__MENUTYPE__C","RSTK__PAGE__C","RSTK__PAGEKEY__C","RSTK__PARENTID__C","RSTK__RECORDTYPE__C","RSTK__SECNSEQUENCE__C","RSTK__SEQUENCE__C","RSTK__SUBSECTION__C","RSTK__TRIGGEROPTIONS__C","RSTK__RSFINANCIALS__C","RSTK__RELATEDLISTS__C"
"Quick Cash Receipts","false","false","m_quickcashreceipts__c","Quick Cash Receipts","false","/apex/quickCashReceipts","999.0","Custom57Mru","false","","Quick Cash Receipts","1.0","1.0","","cc","910.0","","","100.0","","","true",""
"Check Register by Period","false","false","m_monthlychkreg__c","Accounts Payable","false","/apex/MonthlyCheckRegister","999.0","Custom57Mru","false","","Check Register by Period","1.0","1.0","","cc","986.0","","","7.0","","","true",""
"Payable Session","false","false","m_apinvh__c","Accounts Payable","false","/apex/listView?recType=apinvh","995.0","Custom57Mru","false","","Payable Session","1.0","1.0","","cc","986.0","apinvh","","10.0","","{""ST"":""1""}","true",""
"Cash Requirements Report","false","false","m_cashreqreport__c","Accounts Payable","false","/apex/CashReqirementsReport","999.0","Custom57Mru","false","","Cash Requirements Report","1.0","1.0","","cc","986.0","","","58.0","","","true",""
"1099 Generate and Print","false","false","m_ap1099__c","Accounts Payable","true","/apex/AP1099","999.0","Custom57Mru","false","","1099 Generate and Print","1.0","1.0","","cc","986.0","ap1099","","61.0","","","true",""
"Predefined Subline Group Entry/Maintenance","false","false","m_glfstmplt7__c","Financial Reporting","false","/apex/glfstmplt7","987.0","Custom57Mru","false","","Predefined Subline Group Entry/Maintenance","1.0","1.0","","cc","972.0","","","101.0","Maintenance","","true",""
"Foreign Exchange Rate Schedule","false","false","m_syforexschedno__c","Multiple Currency","false","/apex/listView?recType=syforexschedno__c","991.0","Custom57Mru","false","","Foreign Exchange Rate Schedule","1.0","1.0","","cc","989.0","syforexschedno","","7.0","","{""ST"":""1""}","true",""
"Check Register for Single Payment Session","false","false","m_sigpaybatch__c","Accounts Payable","false","/apex/ChkRegisterSinglePaymentBatch","999.0","Custom57Mru","false","","Check Register for Single Payment Session","1.0","1.0","","cc","986.0","","","1.0","","","true",""
"All Payment Types Register","false","false","m_perpayreg__c","Accounts Payable","false","/apex/PeriodicPaymentRegister","999.0","Custom57Mru","false","","All Payment Types Register","1.0","1.0","","cc","986.0","","","4.0","","","true",""
"Vendor Company","false","false","m_povendcmpno__c","Financial System Admin","false","/apex/listView?recType=povendcmpno","988.0","Custom57Mru","false","","Vendor Company","1.0","1.0","","cc","988.0","povendcmpno","","11.0","","{""ST"":""1""}","true",""
"Payable Application Transaction Query","false","false","m_apapplic__c","Accounts Payable","false","/apex/listView?recType=apapplic__c","993.0","Custom57Mru","false","","Payable Application Transaction Query","1.0","1.0","","cc","986.0","apapplic","","34.0","","{""ST"":""1""}","true",""
"Payment Selection","false","false","m_paysession__c","Accounts Payable","false","/apex/listView?recType=paysession__c","999.0","Custom57Mru","false","","Payment Selection","1.0","1.0","","cc","986.0","paysession","","43.0","","{""ST"":""1""}","true",""
"Open Item Application","false","false","m_apinvtxn__c","Accounts Payable","false","/apex/OpenItemApplication","999.0","Custom57Mru","false","","Open Item Application","1.0","1.0","","cc","986.0","","","46.0","process","","true",""
"Vendor Credit Application Query/Report","false","false","m_vendorcrapp__c","Accounts Payable","false","/apex/vendorcrapp","906.0","Custom57Mru","false","","Vendor Credit Application Query/Report","1.0","1.0","","cc","986.0","","","49.0","Processes","","true",""
"Payable Edit List","false","false","m_apVoucherReport__c","Accounts Payable","false","/apex/apVoucherReport","999.0","Custom57Mru","false","","Payable Edit List","1.0","1.0","","cc","986.0","","","52.0","Process","","true",""
"AP Aging Report","false","false","m_apagingreport__c","AP Aging Report","false","apex/apagingreport","907.0","Custom57Mru","false","","AP Aging Report","1.0","1.0","","cc","986.0","","","55.0","Processes","","true",""
"Payable Transaction","false","false","m_apinvtxn__c","Accounts Payable","false","/apex/listView?recType=apinvtxn","996.0","Custom57Mru","false","","Payable Transaction","1.0","1.0","","cc","986.0","apinvtxn","","11.0","","{""ST"":""1""}","true",""
"Journal Entry Templates","false","false","m_gljetemplth__c","General Ledger Setup","false","/apex/Listview?recType=gljetemplthlist","900.0","Custom57Mru","false","","Journal Entry Templates","1.0","1.0","","cc","971.0","","","91.0","Process","{""ST"":""1""}","true",""
"General Journal Workbench","false","false","m_gljh__c","General Ledger Setup","false","/apex/gljhListView","905.0","Custom57Mru","false","","General Journal Workbench","1.0","1.0","","cc","971.0","","","92.0","Process","","true",""
"Postings Summary Report","false","false","m_gltrialbalance__c","General Ledger Setup","false","/apex/postingsSummaryReport","904.0","Custom57Mru","false","","Postings Summary Report","1.0","1.0","","cc","971.0","","","94.0","Process","","true",""
"Bank Reconciliation","false","false","m_glbankacctreconcile__c","General Ledger Setup","false","/apex/GlbankacctReconcile","999.0","Custom57Mru","false","","Bank Reconciliation","1.0","1.0","","cc","971.0","","","95.0","Process","","true",""
"Perform Financial Report Data Roll-up","false","false","m_buildglaystmt__c","Financial Reporting","false","/apex/statementbuilder","985.0","Custom57Mru","false","","Perform Financial Report Data Roll-up","1.0","1.0","","cc","981.0","","","30.0","","","true",""
"Define Financial Report Templates","false","false","m_glfstmplt1__c","Financial Reporting","false","/apex/listview?rectype=glfstmplt1","985.0","Custom57Mru","false","","Define Financial Report Templates","1.0","1.0","","cc","972.0","glfstmplt1","","30.0","Maintenance","{""ST"":""1""}","true",""
"Receivable Session","false","false","m_arinvh__c","Accounts Receivable","false","/apex/listview?rectype=arinvh","911.0","Custom57Mru","false","","Receivable Session","1.0","1.0","","cc","910.0","arinvh","","10.0","Process","{""ST"":""1""}","true",""
"Financial Project Master","false","false","m_glproj__c","Financial System Setup","false","/apex/listView?recType=glproj","978.0","Custom57Mru","false","","Financial Project Master","1.0","1.0","","cc","987.0","glproj","","68.0","Maintenance","{""ST"":""1""}","true",""
"Reason Codes","false","false","m_glrsn__c","Financial System Setup","false","/apex/listView?recType=glrsn","982.0","Custom57Mru","false","","Reason Codes","1.0","1.0","","cc","987.0","glrsn","","74.0","Maintenance","{""ST"":""1""}","true",""
"AR Control","false","false","m_arcntl__c","Financial System Admin","false","/apex/listView?recType=arcntl","911.0","Custom57Mru","false","","AR Control","1.0","1.0","","cc","988.0","arcntl","","1.0","Setup","{""ST"":""1""}","true",""
"Journal Entry Standard ID","false","false","m_gljestdid__c","Financial System Setup","false","/apex/listView?recType=gljestdid","984.0","Custom57Mru","false","","Journal Entry Standard ID","1.0","1.0","","cc","987.0","gljestdid","","76.0","Maintenance","{""ST"":""1""}","true",""
"AP Control","false","false","m_apcntl__c","Financial System Admin","false","/apex/listView?recType=apcntl","983.0","Custom57Mru","false","","AP Control","1.0","1.0","","cc","988.0","apcntl","","1.0","Maintenance","{""ST"":""1""}","true",""
"Financial System Setup","false","false","m_fss__c","ms_fss__c","false","","987.0","","false","","Financial System Setup","0.0","1.0","","","","","45.0","45.0","","","true",""
"General Ledger","false","false","ms_glsetup__c","ms_glsetup__c","false","","971.0","","false","","General Ledger","0.0","1.0","","","","","75.0","75.0","","","true",""
"Multiple Currency","false","false","m_mcurr__c","ms_mc__c","false","","989.0","","false","","Multiple Currency","0.0","1.0","","","","","55.0","55.0","","","true",""
"Convert JE Templates to JEs for a Period","false","false","m_periodAndJEChkList__c","General Ledger Setup","false","/apex/periodAndJEChecklistProcess","999.0","Custom57Mru","false","","Convert JE Templates to JEs for a Period","1.0","1.0","","cc","971.0","","","89.0","Process","","true",""
"Prepare Financial Reports","false","false","m_statementrun__c","Financial Reporting","false","/apex/statementrun","985.0","Custom57Mru","false","","Prepare Financial Reports","1.0","1.0","","cc","972.0","","","50.0","","","true",""
"Credit Card Account","false","false","m_glapcc__c","Financial System Admin","false","/apex/listView?recType=glapcc","979.0","Custom57Mru","false","","Credit Card Account","1.0","1.0","","cc","988.0","glapcc","","98.0","Maintenance","{""ST"":""1""}","true",""
"Fiscal Year","false","false","m_glyear__c","Financial System Admin","false","/apex/listView?recType=glyear","980.0","Custom57Mru","false","","Fiscal Year","1.0","1.0","","cc","988.0","glyear","","72.0","Maintenance","{""ST"":""1""}","true",""
"Financial Budget","false","false","m_glaybud__c","Financial System Admin","false","/apex/listView?recType=glaybud","998.0","Custom57Mru","false","","Financial Budget","1.0","1.0","","cc","988.0","glaybud","","90.0","Maintenance","{""ST"":""1""}","true",""
"Period Close","false","false","m_glcloseProcessor__c","Financial System Admin","false","/apex/glcloseProcessor","903.0","Custom57Mru","false","","Period Close","1.0","1.0","","cc","981.0","","","10.0","Process","","true",""
"Bank Account","false","false","m_glbankacct__c","Financial System Admin","false","/apex/listView?recType=glbankacct","999.0","Custom57Mru","false","","Bank Account","1.0","1.0","","cc","988.0","glbankacct","","96.0","Maintenance","{""ST"":""1""}","true",""
"Translate Data into Parent Company Currency","false","false","m_glstmtntryh__c","Financial Reporting","false","/apex/buildgltxnplrate","999.0","Custom57Mru","false","","Translate Data into Parent Company Currency","1.0","1.0","","cc","981.0","","","20.0","Process","","true",""
"Vendor Class Company","false","false","m_povclasscmpno__c","Financial System Admin","false","/apex/listview?rectype=povclasscmpno","342.0","Custom57Mru","false","","Vendor Class Company","1.0","1.0","","cc","988.0","povclasscmpno","","10.0","","{""ST"":""1""}","true",""
"GL Accounts (Chart of Accounts)","false","false","m_glacct__c","Financial System Admin","false","/apex/listView?recType=glacct","977.0","Custom57Mru","false","","GL Accounts (Chart of Accounts)","1.0","1.0","","cc","988.0","glacct","","69.0","Maintenance","{""ST"":""1""}","true",""
"Accounts Payable","false","false","ms_ap__c","ms_ap__c","false","","986.0","","false","","Accounts Payable","0.0","1.0","","","","","60.0","60.0","","","true",""
"Foreign Exchange Gain/Loss on App","false","false","m_apapplicforex__c","Accounts Payable","false","/apex/listView?recType=apapplicforex__c","987.0","Custom57Mru","true","","Foreign Exchange Gain/Loss on App","1.0","1.0","","cc","986.0","apapplicforex","","25.0","","","true",""
"Adjusting Statement Entries","false","false","Financial Reporting","Financial Reporting","false","/apex/glStmtListView","999.0","Custom57Mru","false","","Adjusting Statement Entries","1.0","1.0","","cc","972.0","","","70.0","Process","","true",""
"External Data for Financial Reports Entry/Maint","false","false","m_glfstmplt6__c","Financial Reporting","false","/apex/glfstmplt6","986.0","Custom57Mru","false","","External Data for Financial Reports Entry/Maint","1.0","1.0","","cc","972.0","","","100.0","Maintenance","","true",""
"Test Report Templates for Completeness","false","false","m_finstmttmpltest__c","Financial Reporting","false","/apex/finstmttmpltest","988.0","Custom57Mru","false","","Test Report Templates for Completeness","1.0","1.0","","cc","972.0","","","40.0","Maintenance","","true",""
"Change Payment Method","false","false","m_approcess__c","Accounts Payable","false","/apex/APProcess","988.0","Custom57Mru","false","","Change Payment Method","1.0","1.0","","cc","986.0","","","19.0","","","true",""
"Post by Session","false","false","m_apbatchtransfer__c","Accounts Payable","false","/apex/APBatchTransfer","996.0","Custom57Mru","false","","Post by Session","1.0","1.0","","cc","986.0","","","22.0","","","true",""
"Accounts Receivable","false","false","ms_ar__c","ms_ar__c","false","","910.0","","false","","Accounts Receivable","0.0","1.0","","","","","70.0","70.0","","","true",""
"Financial Reporting","false","false","ms_financialreporting__c","ms_financialreporting__c","false","","972.0","","false","","Financial Reporting","0.0","1.0","","","","","80.0","80.0","","","true",""
"Financial System Admin","false","false","m_fsa__c","ms_fsa__c","false","","988.0","","false","","Financial System Admin","0.0","1.0","","","","","50.0","50.0","","","true",""
"Display/Print/Export/Purge Financial Reports","false","false","m_statementmaint__c","Financial Reporting","false","/apex/statementmaint","985.0","Custom57Mru","false","","Display/Print/Export/Purge Financial Reports","1.0","1.0","","cc","972.0","","","60.0","","","true",""
"Post by Transaction","false","false","m_apgrouptransfer__c","Accounts Payable","false","/apex/APGroupTransfer","997.0","Custom57Mru","false","","Post by Transaction","1.0","1.0","","cc","986.0","","","23.0","","","true",""
"1099 List","false","false","m_1099list__c","Accounts Payable","true","/apex/listView?recType=ap1099","999.0","Custom57Mru","false","","1099 List","1.0","1.0","","cc","986.0","ap1099","","64.0","","{""ST"":""1""}","true",""
"Initialize Companies and Users","false","false","m_initialiazeCompAndUsrs__c","Financial System Setup","false","/apex/InitializeCompAndUsrs","974.0","Custom57Mru","false","","Initialize Companies and Users","1.0","1.0","","cc","987.0","","","64.0","Processes","","true",""
"Financial Division Master","false","false","m_gldiv__c","Financial System Setup","false","/apex/listview?recType=gldiv","972.0","Custom57Mru","false","","Financial Division Master","1.0","1.0","","cc","987.0","gldiv","","67.0","Maintenance","{""ST"":""1""}","true",""
"Financial Company Master","false","false","m_glcmp__c","Financial System Setup","false","/apex/listView?recType=glcmp","973.0","Custom57Mru","false","","Financial Company Master","1.0","1.0","","cc","987.0","glcmp","","66.0","Maintenance","{""ST"":""1""}","true",""
"Financial System User","false","false","m_glusr__c","Financial System Setup","false","/apex/listView?recType=glusr","975.0","Custom57Mru","false","","Financial System User","1.0","1.0","","cc","987.0","glusr","","50.0","Maintenance","{""ST"":""1""}","true",""
"Financial System User Company","false","false","m_glusrcmp__c","Financial System Setup","false","/apex/listView?recType=glusrcmp","976.0","Custom57Mru","false","","Financial System User Company","1.0","1.0","","cc","987.0","glusrcmp","","55.0","Maintenance","{""ST"":""1""}","true",""
"Foreign Exchange Gain/Loss on Invoice","false","false","m_apinvtxnforex__c","Accounts Payable","false","/apex/listView?recType=apinvtxnforex__c","988.0","Custom57Mru","true","","Foreign Exchange Gain/Loss on Invoice","1.0","1.0","","cc","986.0","apinvtxnforex","","28.0","","","true",""
"Foreign Exchange Gain/Loss on Receipt","false","false","m_apinvlineforex__c","Accounts Payable","false","/apex/listView?recType=apinvlineforex__c","990.0","Custom57Mru","true","","Foreign Exchange Gain/Loss on Receipt","1.0","1.0","","cc","986.0","apinvlineforex","","31.0","","","true",""
"Receivable Transaction","false","false","m_arinvtxn__c","Accounts Receivable","false","/apex/listview?rectype=arinvtxn","989.0","Custom57Mru","false","","Receivable Transaction","1.0","1.0","","cc","910.0","arinvtxn","","20.0","Process","{""ST"":""1""}","true",""
"AR Debit / Credit Memo Register","false","false","m_armemoregister__c","Accounts Receivable","false","/apex/ardebitcreditmemoregister","999.0","Custom57Mru","false","","AR Debit / Credit Memo Register","1.0","1.0","","cc","910.0","","","40.0","","","true",""
"Cash Receipts Journal","false","false","m_cashreceiptsjournal__c","Accounts Receivable","false","/apex/cashreceiptsjournal","999.0","Custom57Mru","false","","Cash Receipts Journal","1.0","1.0","","cc","910.0","","","60.0","","","true",""
"Customer Statements and Finance Charges","false","false","m_arstatandfincharges__c","Accounts Receivable","false","/apex/arstatandfincharges","999.0","Custom57Mru","false","","Customer Statements and Finance Charges","1.0","1.0","","cc","910.0","","","80.0","","","true",""
"Sales Invoice Review and Mass Post","false","false","m_arsalesinvoicereview__c","Accounts Receivable","false","/apex/arsalesinvoicereview","999.0","Custom57Mru","false","","Sales Invoice Review and Mass Post","1.0","1.0","","cc","910.0","","","30.0","","","true",""
"Cash Receipts","false","false","m_arcashh__c","Accounts Receivable","false","/apex/listview?rectype=arcashh","911.0","Custom57Mru","false","","Cash Receipts","1.0","1.0","","cc","910.0","arcashh","","50.0","Maintenance","{""ST"":""1""}","true",""
"Payment Selection Audit","false","false","m_appayselectaudit__c","RS-Support","false","/apex/listView?recType=appayselectaudit__c","994.0","Custom57Mru","false","","Payment Selection Audit","1.0","1.0","","cc","970.0","appayselectaudit","","37.0","","{""ST"":""1""}","true",""
"GL Transactions","false","false","m_gltxn__c","General Ledger Setup","false","/apex/listview?rectype=gltxn","886.0","Custom57Mru","false","","GL Transactions","1.0","1.0","","cc","971.0","gltxn","","85.0","Maintenance","{""ST"":""1""}","true",""
"Period Close Activities","false","false","ms_periodcloseactivities__c","ms_periodcloseactivities__c","false","","981.0","","false","","Period Close Activities","0.0","1.0","","","","","77.0","77.0","","","true",""
"General Journal Entries","false","false","m_gljh__c","General Ledger Setup","false","apex/listview?rectype=gljh","903.0","Custom57Mru","false","","General Journal Entries","1.0","","","","971.0","gljh","","93.0","","{""ST"":""1""}","true",""
"AR Non Cash Transfers","false","false","m_arnoncashtransfers__c","AR Non Cash Transfers","false","/apex/ARNonCashTransfer","999.0","Custom57Mru","false","","AR Non Cash Transfers","1.0","1.0","","cc","910.0","","","90.0","","","true",""
"AR Aging Report","false","false","m_aragingreport__c","Accounts Receivable","false","/apex/aragingreport","990.0","Custom57Mru","false","","AR Aging Report","1.0","1.0","","cc","910.0","","","70.0","","","true",""
"Customer Company","false","false","m_socustcmpno__c","salesordersu","false","/apex/Listview?recType=socustcmpno","999.0","Custom57Mru","false","","Customer Company","1.0","1.0","","cc","16.0","socustcmpno","","3.0","","{""ST"":""1""}","true",""
"GL Transaction Inquiry","false","false","m_gltxninquiry__c","General Ledger Setup","false","/apex/gltxnInquiry","999.0","Custom57Mru","false","","GL Transaction Inquiry","1.0","1.0","","cc","971.0","","","84.0","","","true",""
"Update Customer Aging and Ad Hoc Statements","false","false","m_updatecustagingadhocstmts__c","Update Customer Aging and Ad Hoc Statements","false","/apex/UpdateCustAgingAdhocStmts","999.0","Custom57Mru","false","","Update Customer Aging and Ad Hoc Statements","1.0","1.0","","cc","910.0","","","101.0","","","true",""
