"NAME","RSTK__APPSECURITYKEY__C","RSTK__HEADER__C","RSTK__HREF__C","RSTK__ID__C","RSTK__IMAGECLASS__C","RSTK__INACTIVE__C","RSTK__KEYPREFIX__C","RSTK__LABEL__C","RSTK__LEVEL__C","RSTK__PAGE__C","RSTK__PARENTID__C","RSTK__RECORDTYPE__C","RSTK__SECNSEQUENCE__C","RSTK__SEQUENCE__C","RSTK__SUBSECTION__C","RSTK__APPROVAL_ENABLED__C","RSTK__PAGEKEY__C","RSTK__MENUTYPE__C","RSTK__ACTIVITY_ENABLED__C","RSTK__HIDEADDLINK__C"
"Recurring Billing Batch Review","m_recservices__c","cpq","/apex/listview?recType=soconpbbatch","","Custom57Mru","false","a7s","Recurring Billing Batch Review","1.0","","244.0","SOCONPBBATCH","","13.0","Processes","true","soconpbbatch__c","","true","false"
"Terms Codes","m_termscode__c","setup","/apex/listview?rectype=syterms","172.0","Custom57Mru","false","a4D","Terms Codes","1.0","","1.0","syterms","","30.0","Maintenance","false","syterms__c","1.0","false","false"
"Qty Reconcile","m_iclocitemqtyveri__c","rs_menu","/apex/iclocitemqtyveri","811.0","Custom57Mru","false","","Qty Reconcile","1.0","","970.0","","","11.0","","false","ccrstk","","false","true"
"SOAPI","m_soapi__c","rs_menu","/apex/listview?rectype=soapi","814.0","Custom57Mru","false","","SOAPI","1.0","","970.0","soapi","","14.0","","false","ccrstk","","false","false"
"SYDATA","m_sydata__c","rs_menu","/apex/listview?rectype=sydata","817.0","Custom57Mru","false","","SYDATA","1.0","","970.0","sydata","","17.0","","false","ccrstk","","false","false"
"SYDATAT","m_sydatat__c","rs_menu","/apex/listview?rectype=sydatat","820.0","Custom57Mru","false","","SYDATAT","1.0","","970.0","sydatat","","20.0","","false","ccrstk","","false","false"
"POLOADER","m_poloader__c","rs_menu","/apex/listview?rectype=poloader","823.0","Custom57Mru","false","","POLOADER","1.0","","970.0","poloader","","23.0","","false","ccrstk","","false","false"
"Process Log","m_processlog__c","rs_menu","/apex/listview?rectype=processlog","826.0","Custom57Mru","false","","Process Log","1.0","","970.0","processlog","","26.0","","false","ccrstk","","false","true"
"Net Change","m_netchange__c","rs_menu","/apex/listview?rectype=sydata","829.0","Custom57Mru","false","","Net Change","1.0","","970.0","netchange","","29.0","","false","ccrstk","","false","true"
"SO Line","m_soline__c","rs_menu","/apex/listview?rectype=soline","832.0","Custom57Mru","false","","SO Line","1.0","","970.0","soline","","32.0","","false","ccrstk","","false","true"
"ICIXR","m_icixr__c","rs_menu","/apex/listview?rectype=icixr","835.0","Custom57Mru","false","","ICIXR","1.0","","970.0","icixr","","35.0","","false","ccrstk","","false","true"
"ICITEMSITEPROJ","m_icitemsiteproj__c","rs_menu","/apex/listview?rectype=icitemsiteproj","838.0","Custom57Mru","false","","ICITEMSITEPROJ","1.0","","970.0","icitemsiteproj","","38.0","","false","ccrstk","","false","true"
"DRP Log","m_drplog__c","rs_menu","/apex/listview?rectype=drplog","841.0","Custom57Mru","false","","DRP Log","1.0","","970.0","drplog","","41.0","","false","ccrstk","","false","true"
"Obj Page Setup","m_objpagesetup__c","rs_menu","/apex/listview?rectype=objpagesetup","844.0","Custom57Mru","false","","Obj Page Setup","1.0","","970.0","objpagesetup","","44.0","","false","ccrstk","","false","false"
"System Configuration","m_syconfig__c","rs_menu","/apex/listview?rectype=syconfig","847.0","Custom57Mru","false","","System Configuration","1.0","","970.0","syconfig","","47.0","","false","ccrstk","","false","true"
"SOORDDMD","m_soorddmd__c","rs_menu","/apex/listview?rectype=soorddmd","847.0","Custom57Mru","false","","SOORDDMD","1.0","","970.0","soorddmd","","24.0","","false","ccrstk","","false","true"
"General Journal","m_generaljournal__c","quickbooks","/apex/listView?recType=gljeh","","Custom57Mru","false","a5Z","General Journal","1.0","","17.0","","","7.0","","false","gljeh__c","","false","false"
"Payable Invoice Export","m_quickbooks__c","quickbooks","/apex/QBPayableInvoiceExport","","Custom57Mru","false","","Payable Invoice Export","1.0","","17.0","","","6.0","","false","qbpayableinvoiceexport","","false","false"
"Inventory Unit Cost Adjust","m_inventoryunitcostadjust__c","inventorytrans","/apex/Stocklocadj2?type=INVDOLADJ","","Custom57Mru","false","","Inventory Unit Cost Adjust","1.0","","9.0","","","2.0","Transactions","false","stocklocadj2_inventoryunitcostadjust","","false","false"
"Sales Contract Maintenance","m_socontract__c","cpq","/apex/listView?recType=socontract","","Custom57Mru","false","a6B","Sales Contract Maintenance","1.0","","244.0","socontract","","10.0","Maintenance","true","socontract__c","","true","false"
"Site Map-Menu Bar","m_menu__c","rs_menu","/apex/listview?rectype=menu","853.0","Custom57Mru","false","","Site Map-Menu Bar","1.0","","970.0","menu","","53.0","","false","ccrstk","","false","true"
"Payable Batch Header","m_ttaphdr__c","rs_menu","/apex/listview?rectype=ttaphdr","856.0","Custom57Mru","false","","Payable Batch Header","1.0","","970.0","ttaphdr","","56.0","","false","ccrstk","","false","true"
"PO Receipt Txn","m_porcptap__c","rs_menu","/apex/listview?rectype=porcptap","859.0","Custom57Mru","false","","PO Receipt Txn","1.0","","970.0","porcptap","","59.0","","false","ccrstk","","false","true"
"Job Logs","m_joblog__c","rs_menu","/apex/listview?rectype=joblog","862.0","Custom57Mru","false","","Job Logs","1.0","","970.0","joblog","","62.0","","false","ccrstk","","false","true"
"Subcontract Demands","m_podmd__c","rs_menu","/apex/listview?rectype=podmd","865.0","Custom57Mru","false","","Subcontract Demands","1.0","","970.0","podmd","","65.0","","false","ccrstk","","false","true"
"Sylimits","m_sylimits__c","rs_menu","/apex/listview?rectype=sylimit","868.0","Custom57Mru","false","","Sylimits","1.0","","970.0","sylimits","","68.0","","false","ccrstk","","false","true"
"Inbound Shipment Route Type","m_ibrtetype__c","ibshipRoutType","/apex/listview?recType=ibrtetype","275.0","Custom57Mru","false","a82","Inbound Shipment Route Type","1.0","","12.0","ibrtetype","","20.0","Maintenance","false","ibrtetype__c","","false","false"
"Inbound Shipment Container Type","m_ibconttype__c","ibshipContType","/apex/listview?recType=ibconttype","276.0","Custom57Mru","false","a7z","Inbound Shipment Container Type","1.0","","12.0","ibconttype","","21.0","Maintenance","false","ibconttype__c","","false","false"
"Inbound Shipment Route","m_ibroute__c","ibshipRoute","/apex/listview?recType=ibroute","277.0","Custom57Mru","false","a80","Inbound Shipment Route","1.0","","12.0","ibroute","","22.0","Maintenance","false","ibroute__c","","false","false"
"Inbound Shipment","m_ibship__c","ibship","/apex/listview?recType=ibship","278.0","Custom57Mru","false","a83","Inbound Shipment","1.0","","12.0","ibship","","23.0","Maintenance","false","ibship__c","","false","false"
"Sales Contract Device Deal Management","m_salesContractDevDealMgmt__c","cpq","/apex/SalesContractDevDealMgmt","","Custom57Mru","false","","Sales Contract Device Deal Management","1.0","","244.0","","","14.0","Processes","false","salescontractdevdealmgmt","","false","false"
"Sales Contract Device Transfer","m_salesContractDevTransfer__c","cpq","/apex/SalesContractDevTransfer","","Custom57Mru","false","","Sales Contract Device Transfer","1.0","","244.0","","","15.0","Processes","false","salescontractdevtransfer","","false","false"
"Shortage Report","m_icshrtlist__c","inventorymgmt","/apex/icshrtlist","","Custom57Mru","false","","Shortage Report","1.0","","8.0","","","14.0","","false","icshrtlist","","false","false"
"Consolidated Work Order Picklist","m_consolidatedWorkOrderPicklist__c","consolidatedWorkOrderPicklist","/apex/WorkOrders","299.0","Custom57Mru","false","","Consolidated Work Order Picklist","1.0","","14.0","","","26.0","","false","workorders","","false","false"
"Consolidated Work Order Picklist","m_consolidatedWorkOrderPicklist__c","consolidatedWorkOrderPicklist","/apex/WorkOrders","299.0","Custom57Mru","false","","Consolidated Work Order Picklist","1.0","","14.0","","","26.0","","false","workorders","2.0","false","false"
"Print Template Mapping","m_printtemplatemapping__c","setup","/apex/listview?recType=PrintTemplateMapping","303.0","Custom57Mru","false","a5m","Print Template Mapping","1.0","","1.0","printtemplatemapping","","29.0","","false","printtemplatemapping__c","","false","false"
"Requisition Approval","m_noninventoryreqapproval__c","requisitions","/apex/RequisitionApproval","236.0","Custom57Mru","true","","Non-Inventory Req Approval","1.0","","11.0","","","13.0","","false","requisitionapproval","","false","false"
"Manufacturing Machine Master","m_mfgmachinemaster__c","shopfloor","/apex/listview?recType=rtmach","207.0","Custom57Mru","false","a2B","Mfg Machine Master","1.0","","10.0","rtmach","","6.0","","false","rtmach__c","","false","false"
"Derive Purch Mtl Costs From PO Activity","m_derivepurchmtlcostsfrompoactivity__c","stdcosts","/apex/stdsetcosts?mode=posetmtlcost","208.0","Custom57Mru","false","","Derive Purch Mtl Costs from PO Activity","1.0","","18.0","","","2.0","","false","stdsetcosts_posetmtlcost","","false","false"
"Set Sim Purch Price From PO Derived Costs","m_setsimpurchpricefrompoderivedcost__c","stdcosts","/apex/stdsetcosts?mode=icsetmtlsimcost","209.0","Custom57Mru","false","","Set Sim Purch Price From PO Derived Cost","1.0","","18.0","","","3.0","","false","stdsetcosts_icsetmtlsimcost","","false","false"
"Generate/Apply Simulated Rollup Costs","m_generateapplysimulatedrollupcosts__c","stdcosts","/apex/stdsetcosts?mode=costrollup","210.0","Custom57Mru","false","","Generate/Apply Simulated Rollup Costs","1.0","","18.0","","","4.0","","false","stdsetcosts_costrollup","","false","false"
"Sales Invoice Export","m_quickbooks__c","quickbooks","/apex/QBSOInvoiceExport","271.0","Custom57Mru","false","","Sales Invoice Export","1.0","","17.0","","","4.0","","false","qbsoinvoiceexport","","false","false"
"SO Invoice","m_salesorderinvoice__c","salesorder","/apex/listview?recType=soinv","","Custom57Mru","false","a2o","SO Invoice","1.0","","15.0","soinv","20.0","8.0","Processes","false","soinv__c","","false","false"
"Financials","ms_quickbooks__c","","","17.0","","false","","Financials","0.0","","","","16.0","17.0","","false","","","false","false"
"Cost Transaction Export","m_quickbooks__c","quickbooks","/apex/QBSytxncstExport","270.0","Custom57Mru","false","","Cost Transaction Export","1.0","","17.0","","","3.0","","false","qbsytxncstexport","","false","false"
"Shipping Containers","m_container__c","salesorder","/apex/listview?recType=socontainer","268.0","Custom57Mru","false","a2f","Shipping Containers","1.0","","15.0","socontainer","","7.0","Processes","false","socontainer__c","","false","false"
"Verify Cost Transaction Export","m_quickbooks__c","quickbooks","/apex/QBExportVerify","273.0","Custom57Mru","false","","Verify Cost Transaction Export","1.0","","17.0","","","2.0","","false","qbexportverify","","false","false"
"Item Usage History","m_itemusagehistory__c","inventorymgmt","/apex/listview?recType=icitmusag","133.0","Custom57Mru","false","a0d","Item Usage History","1.0","","9.0","icitmusag","","17.0","Qty / Costs / Info","false","icitmusag__c","","false","false"
"Cost Accounting","ms_costaccounting__c","","","3.0","","true","","Cost Accounting","0.0","","","","15.0","3.0","","false","","","false","false"
"Inventory Transactions","ms_inventorytransactions__c","","","9.0","","false","","Inventory Transactions","0.0","","","","6.0","9.0","","false","","","false","false"
"Shop Floor","ms_shopfloor__c","","","10.0","","false","","Shop Floor","0.0","","","","2.0","10.0","","false","","","false","false"
"Customer Class Product Discount","m_custclassproddisc__c","salesordersu","/apex/listview?recType=soccpd","","Custom57Mru","false","a2V","Customer Class Product Discount","1.0","","16.0","","","11.0","Setup","false","soccpd__c","","false","false"
"Credit Release","m_socreditrelease__c","salesorder","/apex/socreditrelease","","Custom57Mru","false","","Credit Release","1.0","","15.0","","","9.0","Processes","false","socreditrelease","","false","false"
"Sales Order Line","m_soline__c","salesorder","/apex/listview?recType=soline","181.0","Custom57Mru","true","","SO Line","1.0","","15.0","soline","","2.0","Processes","false","soline__c","","false","false"
"FIFO Cost Record","m_fifocostrecord__c","inventorymgmt","/apex/listview?recType=icitemfifoseq","127.0","Custom57Mru","false","a0W","FIFO Cost Record","1.0","","8.0","icitemfifoseq","","10.0","Qty / Costs / Info","false","icitemfifoseq__c","","false","false"
"Price Books","m_sopricebook__c","salesordersu","/apex/listview?recType=sopbk","","Custom57Mru","false","a39","Price Books","1.0","","16.0","","","10.0","Setup","false","sopbk__c","","false","false"
"Sales Region","m_salesregion__c","salesordersu","/apex/listview?recType=soregion","","Custom57Mru","false","a2Z","Sales Region","1.0","","16.0","","","21.0","Setup","false","soregion__c","","false","false"
"WO Operation Qty Reversal","m_wooperationqtyreversal__c","disassembly","","106.0","","false","","WO Operation Qty Reversal","1.0","","","","","6.0","Reversal","false","","","false","false"
"WO Close","m_woclose__c","workorders","","107.0","Custom57Mru","true","","WO Close","1.0","","14.0","","","7.0","Maintenance","false","","","false","false"
"WO Close Reversal","m_woclosereversal__c","disassembly","","108.0","","false","","WO Close Reversal","1.0","","","","","8.0","Reversal","false","","","false","false"
"WO Labor Booking","m_wolaborbooking__c","disassembly","","109.0","","false","","WO Labor Booking","1.0","","","","","9.0","Booking","false","","","false","false"
"WO Labor Reversal","m_wolaborreversal__c","disassembly","","110.0","","false","","WO Labor Reversal","1.0","","","","","10.0","Reversal","false","","","false","false"
"MRP Launch","m_mrplaunch__c","forecastmrp","/apex/Mrp","111.0","Custom57Mru","false","","MRP Launch","1.0","","5.0","","","2.0","","false","mrp","","false","false"
"Forecast Demand","m_forecastdemand__c","forecastmrp","/apex/listview?recType=icfcstdmd","112.0","Custom57Mru","false","a0S","Forecast Demand","1.0","","5.0","icfcstdmd","","1.0","","false","icfcstdmd__c","","false","false"
"Mass Firm","m_massfirm__c","forecastmrp","","113.0","","true","","Mass Firm","1.0","","5.0","","","3.0","Import / Reports","false","","","false","false"
"Summary Review by Item","m_mpsreviewbyitem__c","forecastmrp","/apex/SupDmdRev?supdmdmode=horizontal","114.0","Custom57Mru","false","","Summary Review by Item","1.0","","5.0","","","4.0","","false","supdmdrev_summbyitem","","false","false"
"Detailed Review by Item","m_detailedmrpbyitem__c","forecastmrp","/apex/SupDmdRev","115.0","Custom57Mru","false","","Detailed Review by Item","1.0","","5.0","","","5.0","","false","supdmdrev_detailbyitem","","false","false"
"Fax Templates","m_faxtemplates__c","forecastmrp","","116.0","","true","","Fax Templates","1.0","","5.0","","","6.0","Import / Reports","false","","","false","false"
"Forecast Import","m_forecastimport__c","forecastmrp","","117.0","","true","","Forecast Import","1.0","","5.0","","","7.0","Import / Reports","false","","","false","false"
"MRP Action Msg Search","m_mrpactionmsgsearch__c","forecastmrp","/apex/icmrprsch","118.0","Custom57Mru","false","","MRP Action Msg Search","1.0","","5.0","","","9.0","","false","icmrprsch","","false","false"
"MRP Data Sync","m_mrpdatasync__c","forecastmrp","","119.0","","true","","MRP Data Sync","1.0","","5.0","","","8.0","MRP","false","","","false","false"
"Inventory Item Accounts","m_inventoryitemaccounts__c","inventorymgmt","/apex/listview?recType=icitemacc","120.0","Custom57Mru","false","a0U","Inventory Item Accounts","1.0","","8.0","icitemacc","","3.0","Qty / Costs / Info","false","icitemacc__c","","false","false"
"Inventory Item Std Costs","m_inventoryitemstdcosts__c","inventorymgmt","/apex/listview?recType=icitemstd","121.0","Custom57Mru","false","a0c","Inventory Item Std Costs","1.0","","8.0","icitemstd","","2.0","Qty / Costs / Info","false","icitemstd__c","","false","false"
"CSITEM","m_resetsimulatedtostandarddate__c","stdcosts","/apex/listview?recType=csitem","217.0","","true","","CSITEM","1.0","","20.0","","","11.0","","false","csitem__c","","false","false"
"Disassembly Consumable Components","m_pedisadd__c","workorders","/apex/listview?recType=pedisadd","287.0","Custom57Mru","false","a59","Disassembly Consumable Components","1.0","","14.0","pedisadd","","15.0","WO Details","false","pedisadd__c","","false","false"
"Labor Pay Type","m_tapaytype__c","shopfloor","/apex/ListView?recType=tapaytype","","Custom57Mru","false","a5p","Labor Pay Type","1.0","","10.0","","","10.0","","false","tapaytype__c","","false","false"
"Inv Item Std Costs Report","m_invitemstdcostsreport__c","inventorymgmt","","122.0","","true","","Inv Item Std Costs Report","1.0","","8.0","","","21.0","Qty / Costs / Info","false","","","false","false"
"Inventory By Location","m_itembystockloc__c","inventorymgmt","/apex/listview?recType=iclocitem","123.0","Custom57Mru","false","a0f","Inventory By Location","1.0","","8.0","iclocitem","","6.0","Qty / Costs / Info","false","iclocitem__c","","false","false"
"Inventory By Lot Number","m_itembylotnumber__c","inventorymgmt","/apex/listview?recType=icitemlot","124.0","Custom57Mru","false","a0X","Inventory By Lot Number","1.0","","8.0","icitemlot","","7.0","Qty / Costs / Info","false","icitemlot__c","","false","false"
"Bill Of Lading","m_BOL__c","salesorder","/apex/listview?recType=sobol","276.0","Custom57Mru","false","a19","Bill Of Lading","1.0","","15.0","sobol","","14.0","Processes","false","sobol__c","","false","false"
"Inventory By Serial Number","m_itembyserialnumber__c","inventorymgmt","/apex/listview?recType=icitemsrl","125.0","Custom57Mru","false","a0b","Inventory By Serial Number","1.0","","8.0","icitemsrl","","8.0","Qty / Costs / Info","false","icitemsrl__c","","false","false"
"Inventory Cost Transactions","m_inventorycosttransactions__c","inventorymgmt","/apex/listview?recType=sytxncst","126.0","Custom57Mru","false","a4F","Inventory Cost Transactions","1.0","","8.0","sytxncst","","9.0","Qty / Costs / Info","false","sytxncst__c","","false","false"
"Inventory Item Average Cost / Quantity","m_invitemaveragecostqty__c","inventorymgmt","/apex/listview?recType=icitemcst","127.0","Custom57Mru","false","a0V","Inventory Item Average Cost / Quantity","1.0","","8.0","icitemcst","","10.0","Qty / Costs / Info","false","icitemcst__c","","false","false"
"ABC Analysis","m_abcanalysis__c","abcanalysis","","128.0","","true","","ABC Analysis","1.0","","7.0","","","11.0","","false","","","false","false"
"Stock Location Import","m_stocklocationimport__c","inventorymgmt","","129.0","","true","","Stock Location Import","1.0","","8.0","","","22.0","Qty / Costs / Info","false","","","false","false"
"Inventory Item Master","m_inventoryitemmaster__c","inventorymgmt","/apex/listview?recType=icitem","130.0","Custom57Mru","false","a0T","Inventory Item Master","1.0","","8.0","icitem","","1.0","Qty / Costs / Info","false","icitem__c","","false","false"
"Inventory By Item/Project","m_itembyproject__c","inventorymgmt","/apex/listview?recType=icitemproj","131.0","Custom57Mru","false","a0Y","Inventory By Item/Project","1.0","","8.0","icitemproj","","7.0","Qty / Costs / Info","false","icitemproj__c","","false","false"
"Item Usage History","m_itemusagehistory__c","abcanalysis","/apex/listview?recType=icitmusag","132.0","Custom57Mru","false","a0d","Item Usage History","1.0","","7.0","icitmusag","","17.0","","false","icitmusag__c","","false","false"
"Inventory Location Move","m_stocklocationmove__c","inventorytrans","/apex/Stocklocmove","134.0","Custom57Mru","false","","Inventory Location Move","1.0","","9.0","","","17.0","Transactions","false","stocklocmove","","false","false"
"Division to Division Transfer","m_divisiontodivisiontransfer__c","inventorytrans","/apex/Stocklocdivsitemove","135.0","Custom57Mru","false","","Division to Division Transfer","1.0","","9.0","","","5.0","Transactions","false","stocklocdivsitemove","","false","false"
"Misc Adjust","m_miscadjust__c","inventorytrans","/apex/Stocklocadj?type=MISCADJ","137.0","Custom57Mru","true","","Misc Adjust","1.0","","9.0","","","4.0","Transactions","false","stocklocadj","","false","false"
"Inventory Location Add","m_stocklocationadd__c","inventorytrans","/apex/Stocklocadd?type=LOCADD","138.0","Custom57Mru","false","","Inventory Location Add","1.0","","9.0","","","3.0","Transactions","false","stocklocadd","","false","false"
"Inventory Project Move","m_projecttoprojectmove__c","inventorytrans","/apex/Stocklocprojmove","139.0","Custom57Mru","false","","Inventory Project Move","1.0","","9.0","","","21.0","Transactions","false","stocklocprojmove","","false","false"
"Inventory Location Scrap","m_inventoryscrap__c","inventorytrans","/apex/Stocklocadj?type=INVLOCSCRP","140.0","Custom57Mru","true","","Inventory Location Scrap","1.0","","9.0","","","2.0","Transactions","false","stocklocadj","","false","false"
"Inventory Location Adjust","m_inventoryadjust__c","inventorytrans","/apex/Stocklocadj2?type=INVADJ","141.0","Custom57Mru","false","","Inventory Location Adjust","1.0","","9.0","","","1.0","Transactions","false","stocklocadj2","","false","false"
"Cycle Count","m_cyclecount__c","abcanalysis","/apex/Stocklocadj?type=CYCCOUNT","142.0","","true","","Cycle Count","1.0","","7.0","","","5.0","","false","stocklocadj","","false","false"
"Customers","m_customers__c","salesordersu","/apex/listview?recType=socust","177.0","Custom57Mru","false","a2h","Customers","1.0","","16.0","socust","","2.0","Setup","false","socust__c","","false","false"
"FOB Codes","m_fobcodes__c","salesordersu","/apex/listview?recType=syfob","178.0","Custom57Mru","false","a3r","FOB Codes","1.0","","16.0","syfob","","17.0","Setup","false","syfob__c","","false","false"
"SO Control","m_salesordercontrol__c","salesordersu","/apex/listview?recType=socntl","179.0","Custom57Mru","false","a2X","SO Control","1.0","","16.0","socntl","","1.0","Setup","false","socntl__c","","false","false"
"Freight Terms","m_freighttermcodes__c","salesordersu","/apex/listview?recType=syfrghtrm","180.0","Custom57Mru","false","a3s","Freight Terms","1.0","","16.0","syfrghtrm","","18.0","Setup","false","syfrghtrm__c","","false","false"
"Sales Order Entry","m_soentry__c","salesorder","/apex/listview?recType=sohdr","181.0","Custom57Mru","false","a2k","SO Entry","1.0","","15.0","sohdr","","1.0","Processes","true","sohdr__c","","true","false"
"SO Shipment","m_soshipment__c","salesorder","/apex/SOShip","182.0","Custom57Mru","true","","SO Shipment","1.0","","15.0","","","2.0","Processes","false","soship","","false","false"
"Work Center Capacity Planning","m_wccapacityplanning__c","schcapplng","/apex/Wccptypln","183.0","Custom57Mru","false","","Capacity Planning","1.0","","6.0","","","2.0","","false","wccptypln","","false","false"
"WO Scheduling","m_woscheduling__c","schcapplng","/apex/Woscheduling","184.0","Custom57Mru","false","","WO Scheduling","1.0","","6.0","","","1.0","","false","woscheduling","","false","false"
"PO AP Match","m_poapmatch__c","purchasings","/apex/POAPMatch","","Custom57Mru","false","","PO-AP Match","1.0","","12.0","","","10.0","Processes","false","poapmatch","","false","false"
"Standard Costs","ms_standardcosts__c","","","18.0","","false","","Standard Costs","0.0","","","","15.0","18.0","","false","","","false","false"
"System Setup","ms_systemsetup__c","","","1.0","","false","","System Setup","0.0","","","","25.0","1.0","","false","","","false","false"
"Inventory Management","ms_inventorymanagement__c","","","8.0","","false","","Inventory Management","0.0","","","","7.0","8.0","","false","","","false","false"
"Customer Class Product Group Discounts","m_custclassprodgrpdisc__c","salesordersu","/apex/listview?recType=soccccd","","Custom57Mru","false","a2S","Customer Class Product Group Discounts","1.0","","16.0","soccccd","","13.0","Setup","false","soccccd__c","","false","false"
"Container Type","m_containertype__c","salesordersu","/apex/listview?recType=socontype","267.0","Custom57Mru","false","a2G","Container Type","1.0","","16.0","socontype","","16.0","Setup","false","socontype__c","","false","false"
"Customer Product Group Discounts","m_custprodgrpdiscounts__c","salesordersu","/apex/listview?recType=socccd","","Custom57Mru","false","a2T","Customer Product Group Discounts","1.0","","16.0","socccd","","12.0","Setup","false","socccd__c","","false","false"
"Component Price Maint","m_componentpricemaint__c","salesordersu","/apex/listview?recType=socompp","","Custom57Mru","false","a2b","Component Price Maint","1.0","","16.0","socompp","","9.0","Setup","false","socompp__c","","false","false"
"Service Items","m_serviceitemmaster__c","salesordersu","/apex/listview?recType=soservice","","Custom57Mru","false","a3S","Service Items","1.0","","16.0","soservice","","6.0","Setup","false","soservice__c","","false","false"
"State / Province","m_stateprovince__c","setup","/apex/listview?recType=systate","261.0","Custom57Mru","false","a4C","State / Province","1.0","","1.0","systate","","22.0","Maintenance","false","systate__c","","false","false"
"Set Std Costs from Simulated","m_setstandardcostsfromsimulated__c","stdcosts","/apex/stdsetcosts?mode=cssimstdmove","211.0","Custom57Mru","false","","Set Standard Costs from Simulated","1.0","","18.0","","","5.0","","false","stdsetcosts_cssimstdmove","","false","false"
"Item Std Cost Maint","m_itemstdcostmaint__c","stdcosts","/apex/listview?recType=icitemstd","212.0","","true","","Item Std Cost Maint","1.0","","20.0","","","6.0","","false","icitemstd__c","","false","false"
"Costed BOM Report","m_costedbomreport__c","stdcosts","/apex/IndentedBOM2?iscosted=true","213.0","Custom57Mru","false","","Costed BOM Report","1.0","","18.0","","","7.0","","false","indentedbom2","","false","false"
"Copy Sim Costs to Std","m_copysimcoststostd__c","stdcosts","/apex/stdsetcosts?mode=cssimstdmove","214.0","","true","","Copy Sim Costs to Std","1.0","","20.0","","","8.0","","false","stdsetcosts","","false","false"
"PO Item Cost Cur Avg Cost to Hist","m_poitemcostcuravgcosttohist__c","stdcosts","","215.0","","true","","PO Item Cost Cur Avg Cost to Hist","1.0","","20.0","","","9.0","","false","","","false","false"
"Reset Simulated to Standard Date","m_resetsimulatedtostandarddate__c","stdcosts","","216.0","","true","","Reset Simulated to Standard Date","1.0","","20.0","","","10.0","","false","","","false","false"
"Products","m_productmaster__c","salesordersu","/apex/listview?recType=soprod","176.0","Custom57Mru","false","a3M","Products","1.0","","16.0","soprod","","4.0","Setup","false","soprod__c","","false","false"
"Vendor Master","m_vendormaster__c","purchasings","/apex/listview?recType=povend","160.0","Custom57Mru","false","a22","Vendor Master","1.0","","12.0","povend","","2.0","Maintenance","false","povend__c","","false","false"
"Purchase Item Master","m_poitemmaster__c","purchasings","/apex/listview?recType=poitem","161.0","Custom57Mru","false","a1l","PO Item Master","1.0","","12.0","poitem","","1.0","Maintenance","false","poitem__c","","false","false"
"PO Commodity Code","m_pocommoditycode__c","purchasings","/apex/listview?recType=pocomcod","162.0","Custom57Mru","false","a1e","PO Commodity Code","1.0","","12.0","pocomcod","","12.0","Maintenance","false","pocomcod__c","","false","false"
"Inventory Requisitions","m_inventoryrequisitions__c","requisitions","/apex/listview?recType=icreq","163.0","Custom57Mru","false","a0k","Inventory Requisitions","1.0","","11.0","icreq","","3.0","","false","icreq__c","","false","false"
"Purchase Order Entry","m_poentry__c","purchasings","/apex/listview?recType=pohdr","164.0","Custom57Mru","false","a1i","PO Entry","1.0","","12.0","pohdr","","4.0","Processes","false","pohdr__c","","false","false"
"Work Orders","m_woworkbench__c","workorders","/apex/listview?recType=wocst","217.0","Custom57Mru","false","a4P","Work Orders","1.0","","14.0","wocst","","1.0","Processes","false","wocst__c","","false","false"
"Mass Firm Work Orders","m_massfirmworkorders__c","workorders","/apex/wocstfirm","218.0","Custom57Mru","false","","Mass Firm Work Orders","1.0","","14.0","","","2.0","Processes","false","wocstfirm","","false","false"
"Work Order Components","m_wocomponents__c","workorders","/apex/listview?recType=woorddmd","219.0","Custom57Mru","false","a4T","WO Components","1.0","","14.0","woorddmd","","15.0","WO Details","false","woorddmd__c","","false","false"
"Work Order Traveler","m_wotraveler__c","workorders","/apex/WOTraveler","220.0","Custom57Mru","false","","WO Traveler","1.0","","14.0","","","4.0","Processes","false","wotraveler","","false","false"
"Work Order Picklist","m_wopicklist__c","workorders","/apex/WOPickList","221.0","Custom57Mru","false","","WO Pick List","1.0","","14.0","","","5.0","Processes","false","wopicklist","","false","false"
"Work Order Issue Reversals","m_woissuereversal__c","workorders","/apex/Woissuer","222.0","Custom57Mru","false","","WO Issue Reversal","1.0","","14.0","","","22.0","Reversals","false","woissuer","","false","false"
"Work Order Serial","m_woserial__c","workorders","/apex/listview?recType=woordsrl","223.0","Custom57Mru","false","a4X","WO Serial","1.0","","14.0","woordsrl","","7.0","Processes","false","woordsrl__c","","false","false"
"Work Center Dispatch List","m_workcenterdispatchlist__c","schcapplng","/apex/Wctrdsptch","224.0","Custom57Mru","false","","WC Dispatch List","1.0","","6.0","","","8.0","","false","wctrdsptch","","false","false"
"Work Order Operations","m_wooperations__c","workorders","/apex/listview?recType=woordop","225.0","Custom57Mru","false","a4V","WO Operations","1.0","","14.0","woordop","","9.0","WO Details","false","woordop__c","","false","false"
"WO Operation Qty Booking","m_wooperationqtybooking__c","workorders","/apex/Opqtybook","226.0","Custom57Mru","true","","WO Operation Qty Booking","1.0","","14.0","","","10.0","Processes","false","opqtybook","","false","false"
"WO Operation Qty Booking","m_wooperationqtyreversal__c","workorders","","227.0","Custom57Mru","true","","WO Operation Qty Reversal","1.0","","14.0","","","11.0","Reversals","false","","","false","false"
"WO Close Reversal","m_woclosereversal__c","workorders","","229.0","Custom57Mru","true","","WO Close Reversal","1.0","","14.0","","","13.0","Reversals","false","","","false","false"
"Work Order Receipt","m_woreceipt__c","workorders","/apex/Woreceipt","230.0","Custom57Mru","false","","WO Receipt","1.0","","14.0","","","8.0","Processes","false","woreceipt","","false","false"
"Work Order Issue","m_woissue__c","workorders","/apex/Woissue","231.0","Custom57Mru","false","","WO Issue","1.0","","14.0","","","5.0","Processes","false","woissue","","false","false"
"Labor & Machine Booking","m_wolabormachinebooking__c","workorders","/apex/Labmachbook","232.0","Custom57Mru","true","","Labor & Machine Booking","1.0","","14.0","","","6.0","Processes","false","labmachbook","","false","false"
"WO Labor Reversal","m_wolaborreversal__c","workorders","","233.0","Custom57Mru","true","","WO Labor Reversal","1.0","","14.0","","","17.0","Reversals","false","","","false","false"
"WO Receipt Reversal","m_woreceiptreversal__c","workorders","/apex/Woreceiptr","234.0","Custom57Mru","false","","WO Receipt Reversal","1.0","","14.0","","","23.0","Reversals","false","woreceiptr","","false","false"
"Work Orders","m_woworkbench__c","disassembly","","101.0","","false","","Work Orders","1.0","","","","","1.0","Maintenance","false","","","false","false"
"Disassembly Comp Disposition","m_disassemblycompdisposition__c","disassembly","","102.0","","false","","Disassembly Comp Disposition","1.0","","","","","2.0","Maintenance","false","","","false","false"
"Disassembly Req Maint","m_disassemblyreqmaint__c","disassembly","","103.0","","false","","Disassembly Req Maint","1.0","","","","","3.0","Maintenance","false","","","false","false"
"Shop Calendar","m_shopcalendar__c","setup","/apex/listview?recType=shopcal","196.0","Custom57Mru","false","a2I","Shop Calendar","1.0","","1.0","","","18.0","Initial Setup","false","shopcal__c","","false","false"
"Scrap Reason Codes","m_scrapreasoncodes__c","setup","/apex/listview?recType=syscrap","197.0","Custom57Mru","false","a49","Scrap Reason Codes","1.0","","1.0","syscrap","","19.0","Maintenance","false","syscrap__c","","false","false"
"Installation Record","m_installation__c","setup","/apex/listview?recType=syinstall","198.0","Custom57Mru","true","","Installation","1.0","","1.0","syinstall","","1.0","Initial Setup","false","syinstall__c","","false","false"
"Company Master","m_companymaster__c","setup","/apex/listview?recType=sycmp","199.0","Custom57Mru","false","a3k","Company Master","1.0","","1.0","sycmp","","2.0","Initial Setup","false","sycmp__c","","false","false"
"Division Master","m_divisionmaster__c","setup","/apex/listview?recType=sydiv","200.0","Custom57Mru","false","a3p","Division Master","1.0","","1.0","sydiv","","3.0","Initial Setup","false","sydiv__c","","false","false"
"Employees","m_employees__c","setup","/005","201.0","Custom57Mru","false","","Employees","1.0","","1.0","","","4.0","Initial Setup","false","sf_user","","false","false"
"Manufacturing Labor Grades","m_mfglaborgrades__c","shopfloor","/apex/listview?recType=rtlabgrd","202.0","Custom57Mru","false","a2A","Mfg Labor Grades","1.0","","10.0","rtlabgrd","","5.0","","false","rtlabgrd__c","","false","false"
"Manufacturing Departments","m_mfgdepartments__c","shopfloor","/apex/listview?recType=rtdept","203.0","Custom57Mru","false","a29","Mfg Departments","1.0","","10.0","rtdept","","2.0","","false","rtdept__c","","false","false"
"Manufacturing Work Centers","m_mfgworkcenters__c","shopfloor","/apex/listview?recType=rtwctr","204.0","Custom57Mru","false","a2F","Mfg Work Centers","1.0","","10.0","rtwctr","","4.0","","false","rtwctr__c","","false","false"
"Manufacturing Processes","m_mfgprocesses__c","shopfloor","/apex/listview?recType=rtproc","205.0","Custom57Mru","false","a2C","Mfg Processes","1.0","","10.0","rtproc","","4.0","","false","rtproc__c","","false","false"
"Routing Master","m_routingmaster__c","shopfloor","/apex/listview?recType=rtrouthdr","206.0","Custom57Mru","false","a2D","Routing Master","1.0","","10.0","rtrouthdr","","1.0","","false","rtrouthdr__c","","false","false"
"Purchase Order Agreement","m_poagreement__c","purchasings","/apex/listview?recType=poagrhdr","240.0","Custom57Mru","true","","PO Agreement","1.0","","12.0","poagrhdr","","13.0","Maintenance","false","poagrhdr__c","","false","false"
"WO Operation Cost","m_wooperationcost__c","workorders","/apex/listview?recType=wopcst","245.0","Custom57Mru","false","a4Z","WO Operation Cost","1.0","","14.0","wopcst","","21.0","WO Details","false","wopcst__c","","false","false"
"WO Operation Location","m_wooperationlocation__c","workorders","/apex/listview?recType=woploc","242.0","Custom57Mru","false","a4a","WO Operation Location","1.0","","14.0","woploc","","20.0","WO Details","false","woploc__c","","false","false"
"WO Operation Schedule","m_wooperationschedule__c","workorders","/apex/listview?recType=wopsch","241.0","Custom57Mru","false","a4b","WO Operation Schedule","1.0","","14.0","wopsch","","19.0","Processes","false","wopsch__c","","false","false"
"WO Component Details","m_wocomponentdetails__c","workorders","/apex/listview?recType=woorddmdcst","243.0","Custom57Mru","false","a4U","WO Component Details","1.0","","14.0","woorddmdcst","","18.0","WO Details","false","woorddmdcst__c","","false","false"
"Requisitions","ms_requisitions__c","","","11.0","","false","","Requisitions","0.0","","","","9.0","11.0","","false","","","false","false"
"Sales Order Processes","ms_salesorder__c","","","15.0","","false","","Sales Order Processes","0.0","","","","12.0","15.0","","false","","","false","false"
"ABC Cycle Count","ms_abccyclecount__c","","","7.0","","true","","ABC Cycle Count","0.0","","","","7.0","","","false","","","false","false"
"Forecasting-MRP","ms_forecastingmrp__c","","","5.0","","false","","Forecasting-MRP","0.0","","","","4.0","5.0","","false","","","false","false"
"Sales Order Setup","ms_salesordersu__c","","","16.0","","false","","Sales Order Setup","0.0","","","","14.0","16.0","","false","","","false","false"
"Work Orders","ms_workorders__c","","","14.0","","false","","Work Orders","0.0","","","","11.0","14.0","","false","","","false","false"
"Mfg Engineering","ms_mfgengineering__c","","","4.0","","false","","Mfg Engineering","0.0","","","","1.0","4.0","","false","","","false","false"
"Scheduling-Capacity Planning","ms_schedulingcapacityplanning__c","","","6.0","","false","","Scheduling-Capacity Planning","0.0","","","","5.0","6.0","","false","","","false","false"
"Purchasing","ms_purchasing__c","","","12.0","","false","","Purchasing","0.0","","","","10.0","12.0","","false","","","false","false"
"Project Control","ms_projectcontrol__c","","","2.0","","false","","Project Control","0.0","","","","3.0","2.0","","false","","","false","false"
"InventoryControlParameters","m_invcyclecountcontrols__c","abcanalysis","/apex/listview?recType=icparm","256.0","Custom57Mru","true","","Inv Cycle Count Controls","1.0","","7.0","icparm","","19.0","","false","icparm__c","","false","false"
"Division Address","m_divisionaddress__c","setup","/apex/listview?recType=sydivaddr","257.0","Custom57Mru","false","a3q","Division Address","1.0","","1.0","sydivaddr","","20.0","Initial Setup","false","sydivaddr__c","","false","false"
"ODC Code Maintenance","m_odccodemaintenance__c","purchasings","/apex/listview?recType=syodc","258.0","Custom57Mru","false","a42","ODC Code Maintenance","1.0","","12.0","syodc","","15.0","Maintenance","false","syodc__c","","false","false"
"PO-AP Control","m_poapcontrol__c","purchasings","/apex/listview?recType=syapcntl","259.0","Custom57Mru","false","a3g","PO-AP Control","1.0","","12.0","syapcntl","","16.0","Maintenance","false","syapcntl__c","","false","false"
"Customer Class","m_customerclass__c","salesordersu","/apex/listview?recType=socclass","261.0","Custom57Mru","false","a2U","Customer Class","1.0","","16.0","socclass","","3.0","Setup","false","socclass__c","","false","false"
"Currency Master","m_currencymaster__c","setup","/apex/listview?recType=sycurr","260.0","Custom57Mru","false","a3m","Currency Master","1.0","","1.0","sycurr","","21.0","Initial Setup","false","sycurr__c","","false","false"
"Tax Locations","m_taxlocation__c","salesordersu","/apex/listview?recType=sotax","262.0","Custom57Mru","false","a3Y","Tax Locations","1.0","","16.0","sotax","","24.0","Setup","false","sotax__c","","false","false"
"PO Approval Maintenance","m_poapprovalmaint__c","purchasings","/apex/PurchOrdAppvlMaint","263.0","","true","","PO Approval Maint","1.0","","12.0","","","18.0","Maintenance","false","purchordappvlmaint","","false","false"
"Sales Order Type","m_salesordertype__c","salesordersu","/apex/listview?recType=sootype","266.0","Custom57Mru","false","a36","Sales Order Type","1.0","","16.0","sootype","","22.0","Setup","true","sootype__c","","false","false"
"Salesperson","m_salesperson__c","salesordersu","/apex/listview?recType=sosales","265.0","Custom57Mru","false","a3Q","Salesperson","1.0","","16.0","sosales","","20.0","Setup","false","sosales__c","","false","false"
"Inventory Unit Cost Adjust","","inventorytrans","/apex/Stocklocadj?type=INVDOLADJ","253.0","Custom57Mru","true","","Inventory Unit Cost Adjust","1.0","","9.0","","","2.0","Transactions","false","stocklocadj","","false","false"
"Dimension Source Override","m_dimensionsourceoverride__c","setup","/apex/listview?recType=sydimovr","262.0","Custom57Mru","false","a0u","Dimension Source Override","1.0","","1.0","sydimovr","","23.0","Initial Setup","false","sydimovr__c","","false","false"
"Stock Location Numbers","m_stocklocnumber__c","setup","/apex/listview?recType=sylocnum","","Custom57Mru","false","a3z","Stock Location Numbers","1.0","","1.0","sylocnum","","14.0","Maintenance","false","sylocnum__c","","false","false"
"Inventory Location Numbers","sylocnum","setup","/apex/listview?recType=sylocnum","262.0","Custom57Mru","true","","Inventory Location Number","1.0","","1.0","sylocnum","","13.0","Maintenance","false","sylocnum__c","","false","false"
"SO Fulfillment","m_salesorderworkbench__c","salesorder","/apex/SalesOrderWorkbench","","Custom57Mru","false","","SO Fulfillment","1.0","","15.0","","","2.0","Processes","false","salesorderworkbench","","false","false"
"Packaging","ms_packaging__c","","","16.0","","true","","Packaging","0.0","","","","13.0","","","false","","","false","false"
"Engineering BOM Query/Edit","m_engbomqueryedit__c","mfgengineering","/apex/Pebomqry","151.0","Custom57Mru","false","","Engineering BOM Query/Edit","1.0","","4.0","","","3.0","","false","pebomqry","","false","false"
"ECO Reasons","m_ecoreasons__c","mfgengineering","/apex/listview?recType=pecor","152.0","Custom57Mru","false","a1O","ECO Reasons","1.0","","4.0","pecor","","10.0","","false","pecor__c","","false","false"
"Engineering BOM Master","m_engbommaster__c","mfgengineering","/apex/listview?recType=pebom","153.0","Custom57Mru","false","a1K","Engineering BOM Master","1.0","","4.0","pebom","","4.0","","false","pebom__c","","false","false"
"Project Master","m_projectmaster__c","projectcontrol","/apex/listview?recType=pjproj","154.0","Custom57Mru","false","a1T","Project Master","1.0","","2.0","pjproj","","1.0","","false","pjproj__c","","false","false"
"Project Workbench","m_projectworkbench__c","projectcontrol","/apex/listview?recType=pjwkb","155.0","Custom57Mru","false","a1X","Project Workbench","1.0","","2.0","pjwkb","","2.0","","false","pjwkb__c","","false","false"
"Project to Project Move","m_projecttoprojectmove__c","projectcontrol","","156.0","","true","","Project to Project Move","1.0","","2.0","","","3.0","","false","","","false","false"
"Inventory By Item/Project","m_itembyproject__c","projectcontrol","/apex/listview?recType=icitemproj","157.0","Custom57Mru","false","a0Y","Inventory By Item/Project","1.0","","2.0","icitemproj","","4.0","","false","icitemproj__c","","false","false"
"Project Budget/Cost","m_projectbudgetcost__c","projectcontrol","/apex/listview?recType=pjprojcst","158.0","Custom57Mru","false","a1U","Project Budget/Cost","1.0","","2.0","pjprojcst","","5.0","","false","pjprojcst__c","","false","false"
"PO Control Record","m_pocontrolrecord__c","purchasings","/apex/listview?recType=pocntl","159.0","Custom57Mru","false","a1d","PO Control Record","1.0","","12.0","pocntl","","11.0","Maintenance","false","pocntl__c","","false","false"
"WO Disassembly Print","m_wodisassemblyprint__c","disassembly","","104.0","","false","","WO Disassembly Print","1.0","","","","","4.0","Maintenance","false","","","false","false"
"WO Operation Qty Booking","m_wooperationqtybooking__c","disassembly","","105.0","","false","","WO Operation Qty Booking","1.0","","","","","5.0","Booking","false","","","false","false"
"Customer Product","m_customerproductprice__c","salesordersu","/apex/listview?recType=sopc","","Custom57Mru","false","a3B","Customer Product","1.0","","16.0","sopc","","7.0","Setup","false","sopc__c","","false","false"
"User Status","m_souserstatus__c","salesordersu","/apex/listview?recType=soustat","","Custom57Mru","false","a3Z","User Status","1.0","","16.0","soustat","","25.0","Setup","false","soustat__c","","false","false"
"Work Order Scrap","m_woscrap__c","workorders","/apex/woscrap","230.0","Custom57Mru","true","","WO Scrap","1.0","","14.0","","","7.0","Processes","false","woscrap","","false","false"
"Purchase Order Receipts","m_poitemreceipts__c","purchasings","/apex/POReceipt","166.0","Custom57Mru","false","","Purchase Order Receipts","1.0","","12.0","","","7.0","Processes","false","poreceipt","","false","false"
"Purchase Order Line","m_polinedetail__c","purchasings","/apex/listview?recType=poline","167.0","Custom57Mru","false","a1o","PO Line Detail","1.0","","12.0","","","5.0","Maintenance","false","poline__c","","false","false"
"Requisition Workbench","m_requisitionworkbench__c","requisitions","/apex/icreqfirm","165.0","Custom57Mru","false","","Requisition Workbench","1.0","","11.0","","","5.0","","false","icreqfirm","","false","false"
"PO Item Cost","m_poitemcost__c","stdcosts","/apex/listview?recType=poitemcst","168.0","Custom57Mru","false","a1m","PO Item Cost","1.0","","18.0","poitemcst","","1.0","","false","poitemcst__c","","false","false"
"PO Component","m_pocomponent__c","purchasings","","169.0","","true","","PO Component","1.0","","12.0","","","19.0","Maintenance","false","","","false","false"
"PO Requisition Demand","m_porequisitiondemand__c","requisitions","","170.0","","true","","PO Requisition Demand","1.0","","11.0","","","20.0","","false","","","false","false"
"Item/Vendor Master","m_itemvendormaster__c","purchasings","/apex/listview?recType=poitemvend","171.0","Custom57Mru","false","a1n","Item / Vendor Master","1.0","","12.0","poitemvend","","3.0","Maintenance","false","poitemvend__c","","false","false"
"Product Groups","m_productgroupcode__c","salesordersu","/apex/listview?recType=socomm","173.0","Custom57Mru","false","a2a","Product Groups","1.0","","16.0","socomm","","5.0","Setup","false","socomm__c","","false","false"
"Carriers","m_carriercodes__c","salesordersu","/apex/listview?recType=sycarrier","174.0","Custom57Mru","false","a3j","Carriers","1.0","","16.0","sycarrier","","15.0","Setup","false","sycarrier__c","","false","false"
"Shipping Methods","m_shipviatypecodes__c","salesordersu","/apex/listview?recType=syshipviatype","175.0","Custom57Mru","false","a4A","Shipping Methods","1.0","","16.0","syshipviatype","","23.0","Setup","false","syshipviatype__c","","false","false"
"PO Receipt Reversals","m_poreceiptreversals__c","purchasings","/apex/POReceiptr","274.0","Custom57Mru","false","","PO Receipt Reversals","1.0","","12.0","","","18.0","Processes","false","poreceiptr","","false","false"
"Inventory Commodity Code","m_invcommoditycode__c","setup","/apex/listview?recType=iccomcod","188.0","Custom57Mru","false","a0O","Inventory Comm Code","1.0","","1.0","iccomcod","","17.0","Maintenance","false","iccomcod__c","","false","false"
"Site Master","m_sitemaster__c","setup","/apex/listview?recType=sysite","189.0","Custom57Mru","false","a4B","Site Master","1.0","","1.0","sysite","","11.0","Initial Setup","false","sysite__c","","false","false"
"Manufacturing Users","m_mfgusernumbers__c","setup","/apex/listview?recType=syusr","190.0","Custom57Mru","false","a4I","Manufacturing Users","1.0","","1.0","syusr","","6.0","Initial Setup","false","syusr__c","","false","false"
"GL Accounts","m_glaccounts__c","setup","/apex/listview?recType=syqbcoa","191.0","Custom57Mru","true","","GL Accounts","1.0","","1.0","syqbcoa","","15.0","Initial Setup","false","syqbcoa__c","","false","false"
"PO Receipt Routing","m_poreceiptrouting__c","setup","/apex/listview?recType=porcvgtype","192.0","Custom57Mru","true","","PO Receipt Routing","1.0","","1.0","porcvgtype","","15.0","","false","porcvgtype__c","","false","false"
"Mfg Accounts","m_mfgaccounts__c","setup","/apex/listview?recType=syacc","193.0","Custom57Mru","false","a3d","Mfg Accounts","1.0","","1.0","syacc","","16.0","Initial Setup","false","syacc__c","","false","false"
"Unit of Measure Master","m_unitofmeasuremaster__c","setup","/apex/listview?recType=syuom","194.0","Custom57Mru","false","a4H","Unit Of Measure Master","1.0","","1.0","syuom","","12.0","Maintenance","false","syuom__c","","false","false"
"PO Receipt Operations","m_poreceiptoperations__c","setup","/apex/listview?recType=porcvgop","195.0","Custom57Mru","true","","PO Receipt Operations","1.0","","1.0","porcvgop","","16.0","Reference","false","porcvgop__c","","false","false"
"Engineering Item Master","m_mfgengitemmaster__c","mfgengineering","/apex/listview?recType=peitem","148.0","Custom57Mru","false","a1P","Engineering Item Master","1.0","","4.0","peitem","","1.0","","false","peitem__c","","false","false"
"Engineering Revisions","m_engrevisionsedit__c","mfgengineering","/apex/listview?recType=peitemrev","149.0","Custom57Mru","false","a1R","Engineering Revisions","1.0","","4.0","peitemrev","","2.0","","false","peitemrev__c","","false","false"
"ECO Master","m_ecomaster__c","mfgengineering","/apex/listview?recType=pecoh","150.0","Custom57Mru","false","a1M","ECO Master","1.0","","4.0","pecoh","","9.0","","false","pecoh__c","","false","false"
"Engineering BOM Mass Add","m_engbommassadd__c","mfgengineering","/apex/BOMMassAdd","143.0","Custom57Mru","false","","Engineering BOM Mass Add","1.0","","4.0","","","5.0","","false","bommassadd","","false","false"
"SO Shipper","m_soshipment__c","salesorder","/apex/listview?recType=soship","275.0","Custom57Mru","false","a3T","SO Shipper","1.0","","15.0","soship","","5.0","Processes","true","soship__c","","false","false"
"Forecast Fast Entry","m_fastforecastentry__c","forecastmrp","/apex/Fastforecastentry","112.0","Custom57Mru","false","","Forecast Fast Entry","1.0","","5.0","icfcstdmd","","1.0","","false","fastforecastentry","","false","false"
"RMA Status","m_sormastat__c","salesordersu","/apex/listView?recType=sormastat","281.0","Custom57Mru","false","a4s","RMA Status","1.0","","16.0","sormastat","","26.0","Setup","false","sormastat__c","","false","false"
"G/L Account","m_quickbooks__c","quickbooks","/apex/listView?recType=syqbcoa","","Custom57Mru","false","a4i","G/L Account","1.0","","17.0","","","5.0","","false","syqbcoa__c","","false","false"
"Routing Operations","m_routingoper__c","shopfloor","/apex/listview?recType=rtroutoper","282.0","Custom57Mru","false","a2E","Routing Operations","1.0","","10.0","rtroutoper","","2.0","","false","rtroutoper__c","","false","false"
"Prepayment","m_soppy__c","salesorder","/apex/listView?recType=soppy","284.0","Custom57Mru","false","a3J","Prepayment","1.0","","15.0","soppy","","10.0","Processes","false","soppy__c","","false","false"
"Open PO Lines /w Bar Code","m_openpobarcode__c","purchasings","/apex/openpobarcode","","Custom57Mru","false","","Open PO Lines /w Bar Code","1.0","","12.0","","","17.0","Processes","false","openpobarcode","","false","false"
"Project Status","m_pjstatus__c","pjstatus","/apex/listview?recType=pjstatus","283.0","Custom57Mru","false","a4u","Project Status","1.0","","2.0","pjstatus","","6.0","","false","pjstatus__c","","false","false"
"System Configuration","m_syconfig__c","setup","/apex/ListView?recType=syconfig","","Custom57Mru","true","","System Configuration","1.0","","1.0","syconfig","","26.0","Maintenance","false","syconfig__c","","false","false"
"Customer Agreements","m_ soagh__c","salesordersu","/apex/ListView?recType=soagh","","Custom57Mru","false","a2K","Customer Agreements","1.0","","16.0","","","8.0","Setup","false","soagh__c","","false","false"
"Packing Slip","m_packingslip__c","salesorder","/apex/listview?recType=sopack","277.0","Custom57Mru","false","a37","Packing Slip","1.0","","15.0","sopack","","13.0","Processes","false","sopack__c","","false","false"
"Time & Quantity Booking","m_laborclockinout__c","workorders","/apex/laborclockinout","278.0","Custom57Mru","false","","Time & Quantity Booking","1.0","","14.0","","","6.0","Processes","false","laborclockinout","","false","false"
"Time & Quantity Booking Reversals","m_laborqtybookingreversal","workorders","/apex/laborqtybookingreversal","279.0","Custom57Mru","false","","Time & Quantity Booking Reversals","1.0","","14.0","","","24.0","Processes","false","laborqtybookingreversal","","false","false"
"Returned Material (RMA)","m_sormh__c","salesorder","/apex/listview?recType=sormh","280.0","Custom57Mru","false","a55","Returned Material (RMA)","1.0","","15.0","sormh","","11.0","Processes","false","sormh__c","","false","false"
"Page Help Setup","m_syconfig__c","setup","/apex/listview?recType=helpsetup","","Custom57Mru","true","","Page Help Setup","1.0","","1.0","syconfig","","27.0","Maintenance","false","helpsetup__c","","false","false"
"WO Operations WIP","m_wooperationswip__c","workorders","/apex/listview?recType=wopwip","244.0","Custom57Mru","false","a4d","WO Operations WIP","1.0","","14.0","wopwip","","8.0","WO Details","false","wopwip__c","","false","false"
"Cost Acct User Control Record","m_costacctusercontrolrecord__c","setup","/apex/listview?recType=csusracctcntl","247.0","Custom57Mru","false","a0E","Cost Acct User Control Record","1.0","","1.0","csusracctcntl","","25.0","Maintenance","false","csusracctcntl__c","","false","false"
"forcastingrequirement","m_mrprequirements__c","forecastmrp","/apex/listview?recType=icixr","249.0","Custom57Mru","true","","MRP Requirements","1.0","","5.0","icixr","","6.0","MRP","false","icixr__c","","false","false"
"Cost Accounting Control Record","m_costaccountingcontrolrecord__c","setup","/apex/listview?recType=csacctcntl","246.0","Custom57Mru","false","a0C","Cost Accounting Control Record","1.0","","1.0","csacctcntl","","24.0","Maintenance","false","csacctcntl__c","","false","false"
"WO Operation Actual","m_wooperationactual__c","workorders","/apex/listview?recType=woordopact","248.0","Custom57Mru","false","a4W","WO Operation Actual","1.0","","14.0","woordopact","","5.0","WO Details","false","woordopact__c","","false","false"
"Cost Transaction Query","m_costtransactionquery__c","inventorytrans","/apex/Csttransqry","252.0","Custom57Mru","false","","Cost Transaction Query","1.0","","9.0","","","7.0","Transactions","false","csttransqry","","false","false"
"Authorizers","m_authorizers__c","setup","/apex/listview?recType=syauth","255.0","Custom57Mru","false","a3i","Authorizers","1.0","","1.0","syauth","","8.0","Maintenance","false","syauth__c","","false","false"
"Cycle Count Report","m_cyclecountreport__c","inventorymgmt","/apex/CycleCountReport","","Custom57Mru","true","","Cycle Count Report","1.0","","8.0","","","11.0","Qty / Costs / Info","false","cyclecountreport","","false","false"
"Organizational Depts","m_organizationaldepts__c","setup","/apex/listview?recType=syorg","185.0","Custom57Mru","false","a44","Organizational Depts","1.0","","1.0","syorg","","9.0","Maintenance","false","syorg__c","","false","false"
"UOM Conversion Factors","m_uomconversionfactors__c","setup","/apex/listview?recType=syumcf","186.0","Custom57Mru","false","a4G","UOM Conversion Factors","1.0","","1.0","syumcf","","13.0","Maintenance","false","syumcf__c","","false","false"
"Inventory Location IDs","m_stocklocidmaster__c","setup","/apex/listview?recType=sylocid","187.0","Custom57Mru","false","a3y","Inventory Location IDs","1.0","","1.0","sylocid","","14.0","Maintenance","false","sylocid__c","","false","false"
"Order Number Assign","m_ordernumberassign__c","setup","/apex/listview?recType=syordnumassign","185.0","Custom57Mru","false","a43","Order Number Assign","1.0","","1.0","syordnumassign","","10.0","Initial Setup","false","syordnumassign__c","","false","false"
"Reason Codes","m_soreasoncodes__c","salesordersu","/apex/listview?recType=soreason","264.0","Custom57Mru","false","a3P","Reason Codes","1.0","","16.0","soreason","","19.0","Setup","false","soreason__c","","false","false"
"Chart of Accounts Import","m_quickbooks__c","quickbooks","/apex/SyqbcoaImport","269.0","Custom57Mru","false","","Chart of Accounts Import","1.0","","17.0","","","1.0","","false","syqbcoaimport","","false","false"
"Requisition Authorization","m_noninventoryauthorization__c","requisitions","/apex/RequisitionAuth","238.0","Custom57Mru","true","","Non-Inventory Authorization","1.0","","11.0","","","15.0","","false","requisitionauth","","false","false"
"PO Authorization","m_purchaseorderauthorization__c","purchasings","/apex/PurchOrdAuth","239.0","Custom57Mru","false","","PO Authorization","1.0","","12.0","","","9.0","Processes","false","purchordauth","","false","false"
"Sales Commission","m_salescommission__c","salesorder","/apex/salescommission","","Custom57Mru","false","","Sales Commission","1.0","","15.0","","","15.0","Processes","false","salescommission","","false","false"
"Warranty Type","m_ sowarrtype__c","salesordersu","/apex/ListView?recType=sowarrtype","","Custom57Mru","false","a50","Warranty Type","1.0","","16.0","","","27.0","Setup","false","sowarrtype__c","","false","false"
"Shipped Item Warranty","m_ sowarr__c","salesorder","/apex/ListView?recType=sowarr","","Custom57Mru","false","a57","Shipped Item Warranty","1.0","","15.0","","","12.0","Processes","false","sowarr__c","","false","false"
"BOM Mass Replace","m_engbommassreplace__c","mfgengineering","/apex/PebomReplace","285.0","Custom57Mru","false","","BOM Mass Replace","1.0","","4.0","","","6.0","","false","pebomreplace","","false","false"
"Device History Record","m_icdhr__c","inventorymgmt","/apex/ListView?recType=icdhr","","Custom57Mru","false","a5A","Device History Record","1.0","","8.0","","","12.0","","false","icdhr__c","","false","false"
"Item Serial Manual Link","m_icsrllink__c","inventorymgmt","/apex/ListView?recType=icsrllink","","Custom57Mru","false","a5C","Item Serial Manual Link","1.0","","8.0","","","13.0","","false","icsrllink__c","","false","false"
"Missing Inv Items for BOM Components","m_missinginvitemsforbomcomponents__c","mfgengineering","","144.0","","true","","Missing Inv Items for BOM Components","1.0","","4.0","","","10.0","","false","","","false","false"
"Indented BOM","m_indentedbom__c","mfgengineering","/apex/IndentedBOM2","145.0","Custom57Mru","false","","Indented BOM","1.0","","4.0","","","7.0","","false","indentedbom2","","false","false"
"S/L Costed BOM Report","m_slcostedbomreport__c","mfgengineering","/apex/IndentedBOM?issl=true","146.0","","true","","S/L Costed BOM Report","1.0","","4.0","","","11.0","","false","indentedbom","","false","false"
"Engineering BOM Copy","m_engbomcopy__c","mfgengineering","/apex/BOMCopy","147.0","Custom57Mru","false","","Engineering BOM Copy","1.0","","4.0","","","5.0","","false","bomcopy","","false","false"
"Operation Assignments by Work Center","m_wcoperassignment__c","schcapplng","/apex/WCOperAssignment","","Custom57Mru","false","","Operation Assignments by Work Center","1.0","","6.0","","","9.0","Processes","false","wcoperassignment","","false","false"
"Operation Assignments by Work Center","m_wcoperassignment__c","schcapplng","/apex/WCOperAssignment","","Custom57Mru","false","","Operation Assignments by Work Center","1.0","","14.0","","","25.0","Processes","false","wcoperassignment","","false","false"
"User Time Entry","m_usertimeentry__c","workorders","/apex/usertimeentry","","Custom57Mru","false","","User Time Entry","1.0","","14.0","","","6.0","Processes","false","usertimeentry","","false","false"
"Independent Operations","m_rtindoper__c","shopfloor","/apex/listview?recType=rtindoper","","Custom57Mru","false","a5M","Independent Operations","1.0","","10.0","","","4.0","Processes","false","rtindoper__c","","false","false"
"Labor Orders","m_labororder__c","workorders","/apex/listview?recType=lwocst","","Custom57Mru","false","a5T","Labor Orders","1.0","","14.0","lwocst","","25.0","Processes","true","lwocst__c","","true","false"
"System Custom Configuration","m_sycustom__c","salesordersu","/apex/listview?recType=Sycustom","302.0","Custom57Mru","false","a5l","System Custom Configuration","1.0","","16.0","sycustom","","28.0","Maintenance","false","sycustom__c","1.0","false","false"
"System Defaults","m_sydefault__c","setup","/apex/ListView?recType=sydefault","","Custom57Mru","false","a3n","System Defaults","1.0","","1.0","","","26.0","Maintenance","false","sydefault__c","","false","false"
"Create Invoice for All Shippers","m_crtshpinvs__c","csg","/apex/InvoiceShippersInDiv","304.0","Custom57Mru","false","","Create Invoice for All Shippers","1.0","","310.0","sydata","","63.0","","false","invoiceshippersindiv","","false","false"
"SO Line Amortization Schedules","m_soamort__c","quickbooks","/apex/listview?rectype=soamort","337.0","Custom57Mru","false","a89","SO Line Amortization Schedules","1.0","","17.0","","","8.0","Maintenance","false","soamort__c","","false","false"
"SO Line Amortization Processing","m_soamortschedule__c","quickbooks","/apex/salesOrderAmortizationProcess","338.0","Custom57Mru","false","","SO Line Amortization Processing","1.0","","17.0","","","9.0","Maintenance","false","salesorderamortizationprocess","","false","false"
"SO Fulfillment Pre-Selection","m_sopreselection__c","salesorder","/apex/SOPreSelection","902.0","Custom57Mru","false","","SO Fulfillment Pre-Selection","1.0","","15.0","","","2.0","","false","sopreselection","","false","false"
"Purge Cost Transactions","m_purgeCostTransaction__c","inventorymgmt","/apex/PurgeCostTransaction","337.0","Custom57Mru","false","","Purge Cost Transactions","1.0","","8.0","purgecosttransaction","","30.0","Qty / Costs / Info","false","purgecosttransaction","","false","false"
"Purge System Transactions","m_purgeSystemTransactions__c","inventorymgmt","/apex/PurgeSystemTransactions","338.0","Custom57Mru","false","","Purge System Transactions","1.0","","8.0","purgesystemtransactions","","33.0","Qty / Costs / Info","false","purgesystemtransactions","","false","false"
"General Journal Export","m_generaljournalexport__c","quickbooks","/apex/TransactionExport","300.0","Custom57Mru","false","","General Journal Export","1.0","","17.0","","","7.0","","false","transactionexport","","false","false"
"Item Usage Forecast","m_usageforecast__c","forecastmrp","/apex/usageforecast","312.0","Custom57Mru","false","","Item Usage Forecast","1.0","","5.0","usageforecast","","10.0","Qty / Costs / Info","false","usageforecast","","false","false"
"Purchase Requisition","m_poreq__c","requisitions","/apex/listview?rectype=poreq","339.0","Custom57Mru","false","a8F","Purchase Requisition","1.0","","11.0","poreq","","26.0","","false","poreq__c","","false","false"
"Indirect-Service Requisition","m_syreqind__c","requisitions","/apex/listview?rectype=syreqind","165.0","Custom57Mru","false","a48","Indirect-Service Requisition","1.0","","11.0","syreqind","","12.0","","false","syreqind__c","","false","false"
"Work Center Group","m_rtwcgroup__c","shopfloor","/apex/listview?rectype=rtwcgroup","340.0","Custom57Mru","false","a8G","Work Center Group","1.0","","10.0","","","11.0","Maintenance","false","rtwcgroup__c","","false","false"
"Site to Site Transfer","m_sitetositetransfer__c","inventorytrans","/apex/Stocklocdivsitemove?mode=invsitesite","135.0","Custom57Mru","false","","Site to Site Transfer","1.0","","9.0","","","6.0","Transactions","false","stocklocdivsitemove_invsitesite","","false","false"
"CPQ and Contract","ms_cpq__c","","","244.0","","false","","CPQ and Contract","0.0","","","","43.0","43.0","","false","","","false","false"
"Contract Terms Template","m_soctt__c","cpq","/apex/listView?recType=soctt","","Custom57Mru","false","a7Z","Contract Terms Template","1.0","","244.0","soctt","","9.0","","false","soctt__c","","false","false"
"Master Services Agreement","m_msa__c","cpq","/apex/listView?recType=somsa","","Custom57Mru","false","a7b","Master Services Agreement","1.0","","244.0","somsa","","1.0","","false","somsa__c","","false","false"
"Contract Terms Template","m_soctt__c","cpq","/apex/listView?recType=soctt","","Custom57Mru","false","a7Z","Contract Terms Template","1.0","","244.0","soctt","","9.0","","false","soctt__c","2.0","false","false"
"Master Services Agreement","m_msa__c","cpq","/apex/listView?recType=somsa","","Custom57Mru","false","a7b","Master Services Agreement","1.0","","244.0","somsa","","1.0","","false","somsa__c","2.0","false","false"
"RS Support Functions","m_rsmenu__c","","","970.0","","false","","RS Support Functions","0.0","","","","","","","false","ccrstk","","false","false"
"Site to Site Transfer","m_sitetositetransfer__c","inventorytrans","/apex/Stocklocdivsitemove?mode=invsitesite","135.0","Custom57Mru","false","","Site to Site Transfer","1.0","","9.0","","","6.0","Transactions","false","stocklocdivsitemove_invsitesite","2.0","false","false"
"Sales Invoice Batch","m_soibatch__c","salesorder","/apex/listview?recType=soibatch","977.0","Custom57Mru","false","a2n","Sales Invoice Batch","1.0","","15.0","","","16.0","Maintenance","false","soibatch__c","","false","false"
"VAT Class","m_syvatclass__c","setup","/apex/listview?rectype=syvatclass","340.0","Custom57Mru","false","a8O","VAT Class","1.0","","1.0","syvatclass","","31.0","Maintenance","false","syvatclass__c","","false","false"
"ICIXR Analysis and Repair","m_supdmdreqanalysisandrepair__c","rs_menu","/apex/supDmdReqAnalysisAndRepair","836.0","Custom57Mru","false","","ICIXR Analysis and Repair","1.0","","970.0","icixr","","36.0","","false","ccrstk","","false","true"
"Vendor Class","m_povclass__c","purchasings","/apex/listview?rectype=povclass","341.0","Custom57Mru","false","a8Q","Vendor Class","1.0","","12.0","vendorclass","","3.0","Maintenance","false","povclass__c","","false","false"
"Inbound Shipment Route Type","m_ibrtetype__c","inboundlogistics","/apex/listview?rectype=ibrtetype","316.0","Custom57Mru","false","a82","Inbound Shipment Route Type","1.0","","13.0","ibrtetype","","6.0","","false","ibrtetype__c","","false","false"
"Inbound Shipment Container Type","m_ibconttype__c","inboundlogistics","/apex/listview?rectype=ibconttype","319.0","Custom57Mru","false","a7z","Inbound Shipment Route Type","1.0","","13.0","ibrtetype","","9.0","","false","ibconttype__c","","false","false"
"Inbound Shipment Route","m_ibroute__c","inboundlogistics","/apex/listview?rectype=ibroute","322.0","Custom57Mru","false","a80","Inbound Shipment Route","1.0","","13.0","ibroute","","22.0","","false","ibroute__c","","false","false"
"Inbound Shipment","m_ibship__c","inboundlogistics","/apex/listview?rectype=ibship","313.0","Custom57Mru","false","a83","Inbound Shipment","1.0","","13.0","ibship","","3.0","","false","ibship__c","","false","false"
"SO Picklist Header","m_sopickh__c","salesorder","/apex/listview?recType=sopickh","313.0","Custom57Mru","false","a3I","SO Picklist Header","1.0","","15.0","sopickh","","3.0","Processes","false","sopickh__c","2.0","false","false"
"SO Picklist Header","m_sopickh__c","salesorder","/apex/listview?recType=sopickh","313.0","Custom57Mru","false","a3I","SO Picklist Header","1.0","","15.0","sopickh","","3.0","Processes","false","sopickh__c","2.0","false","false"
"Inventory Reconciliation Review & Processing","m_icinvreconreviewandprocessing__c","icinvreconBatchHeader","/apex/listview?recType=icinvreconb","312.0","Custom57Mru","false","a88","Inventory Reconciliation Review & Processing","1.0","","9.0","icinvreconb__c","","52.0","","false","icinvreconb__c","1.0","false","false"
"SO Picklist Header","m_sopickh__c","salesorder","/apex/listview?recType=sopickh","313.0","Custom57Mru","false","a3I","SO Picklist Header","1.0","","15.0","sopickh","","3.0","Processes","false","sopickh__c","2.0","false","false"
"Inventory Reconciliation","m_icinvrecon__c","icinvrecon","/apex/listview?recType=icinvrecon","312.0","Custom57Mru","false","a6Q","Inventory Reconciliation","1.0","","9.0","icinvrecon","","51.0","","false","icinvrecon__c","2.0","false","false"
"Inventory Reconciliation Review & Processing","m_icinvreconreviewandprocessing__c","icinvreconBatchHeader","/apex/listview?recType=icinvreconb","312.0","Custom57Mru","false","a88","Inventory Reconciliation Review & Processing","1.0","","9.0","icinvreconb__c","","52.0","","false","icinvreconb__c","2.0","false","false"
"SO Picklist Header","m_sopickh__c","salesorder","/apex/listview?recType=sopickh","313.0","Custom57Mru","false","a3I","SO Picklist Header","1.0","","15.0","sopickh","","3.0","Processes","false","sopickh__c","1.0","false","false"
"Inventory Reconciliation","m_icinvrecon__c","icinvrecon","/apex/listview?recType=icinvrecon","312.0","Custom57Mru","false","a6Q","Inventory Reconciliation","1.0","","9.0","icinvrecon","","51.0","","false","icinvrecon__c","1.0","false","false"
"Generate Recurring Billing","m_generateRecurringBilling__c","cpq","/apex/GenerateRecurringBillingExecution","","Custom57Mru","false","","Generate Recurring Billing","1.0","","244.0","soconpbill","","11.0","","false","generaterecurringbillingexecution","","false","false"
"Contract Periodic Billing Review","m_soconpbill__c","cpq","/apex/listView?recType=soconpbill","","Custom57Mru","false","a7P","Contract Periodic Billing Review","1.0","","244.0","soconpbill","","12.0","","false","soconpbill__c","","false","false"
"Shipping Zones","m_shippingzone__c","salesordersu","/apex/listview?rectype=Sozone","976.0","Custom57Mru","false","a8L","Shipping Zones","1.0","","16.0","sozone","","29.0","Maintenance","false","sozone__c","","false","false"
"Customer MSA","m_custmsa__c","cpq","/apex/listView?recType=socustmsa","","Custom57Mru","false","a7a","Customer MSA","1.0","","244.0","socustmsa","","2.0","Maintenance","false","socustmsa__c","","false","false"
