ID,NAME,RSTK__APPSECURITYKEY__C,RSTK__HEADER__C,RSTK__HREF__C,RSTK__ID__C,RSTK__IMAGECLASS__C,RSTK__INACTIVE__C,RSTK__KEYPREFIX__C,RSTK__LABEL__C,RSTK__LEVEL__C,RSTK__PAGE__C,RSTK__PARENTID__C,RSTK__RECORDTYPE__C,RSTK__SECNSEQUENCE__C,RSTK__SEQUENCE__C,RSTK__SUBSECTION__C,RSTK__APPROVAL_ENABLED__C,RSTK__PAGEKEY__C,RSTK__MENUTYPE__C,RSTK__ACTIVITY_ENABLED__C,RSTK__HIDEADDLINK__C
a0yU00000076gRMIAY,Recurring Billing Batch Review,m_recservices__c,cpq,/apex/listview?recType=soconpbbatch,,Custom57Mru,FALSE,a7s,Recurring Billing Batch Review,1,,244,SOCONPBBATCH,,13,Processes,TRUE,soconpbbatch__c,,TRUE,FALSE
a0yU00000076mIvIAI,Terms Codes,m_termscode__c,setup,/apex/listview?rectype=syterms,172,Custom57Mru,FALSE,a4D,Terms Codes,1,,1,syterms,,30,Maintenance,FALSE,syterms__c,1,FALSE,FALSE
a0yU0000001DJYIIA4,Qty Reconcile,m_iclocitemqtyveri__c,rs_menu,/apex/iclocitemqtyveri,811,Custom57Mru,FALSE,,Qty Reconcile,1,,970,,,11,,FALSE,ccrstk,,FALSE,TRUE
a0yU0000001DJYJIA4,SOAPI,m_soapi__c,rs_menu,/apex/listview?rectype=soapi,814,Custom57Mru,FALSE,,SOAPI,1,,970,soapi,,14,,FALSE,ccrstk,,FALSE,FALSE
a0yU0000001DJYKIA4,SYDATA,m_sydata__c,rs_menu,/apex/listview?rectype=sydata,817,Custom57Mru,FALSE,,SYDATA,1,,970,sydata,,17,,FALSE,ccrstk,,FALSE,FALSE
a0yU0000001DJYLIA4,SYDATAT,m_sydatat__c,rs_menu,/apex/listview?rectype=sydatat,820,Custom57Mru,FALSE,,SYDATAT,1,,970,sydatat,,20,,FALSE,ccrstk,,FALSE,FALSE
a0yU0000001DJYMIA4,POLOADER,m_poloader__c,rs_menu,/apex/listview?rectype=poloader,823,Custom57Mru,FALSE,,POLOADER,1,,970,poloader,,23,,FALSE,ccrstk,,FALSE,FALSE
a0yU0000001DJYNIA4,Process Log,m_processlog__c,rs_menu,/apex/listview?rectype=processlog,826,Custom57Mru,FALSE,,Process Log,1,,970,processlog,,26,,FALSE,ccrstk,,FALSE,TRUE
a0yU0000001DJYOIA4,Net Change,m_netchange__c,rs_menu,/apex/listview?rectype=sydata,829,Custom57Mru,FALSE,,Net Change,1,,970,netchange,,29,,FALSE,ccrstk,,FALSE,TRUE
a0yU0000001DJYPIA4,SO Line,m_soline__c,rs_menu,/apex/listview?rectype=soline,832,Custom57Mru,FALSE,,SO Line,1,,970,soline,,32,,FALSE,ccrstk,,FALSE,TRUE
a0yU0000001DJYQIA4,ICIXR,m_icixr__c,rs_menu,/apex/listview?rectype=icixr,835,Custom57Mru,FALSE,,ICIXR,1,,970,icixr,,35,,FALSE,ccrstk,,FALSE,TRUE
a0yU0000001DJYRIA4,ICITEMSITEPROJ,m_icitemsiteproj__c,rs_menu,/apex/listview?rectype=icitemsiteproj,838,Custom57Mru,FALSE,,ICITEMSITEPROJ,1,,970,icitemsiteproj,,38,,FALSE,ccrstk,,FALSE,TRUE
a0yU0000001DJYSIA4,DRP Log,m_drplog__c,rs_menu,/apex/listview?rectype=drplog,841,Custom57Mru,FALSE,,DRP Log,1,,970,drplog,,41,,FALSE,ccrstk,,FALSE,TRUE
a0yU0000001DJYTIA4,Obj Page Setup,m_objpagesetup__c,rs_menu,/apex/listview?rectype=objpagesetup,844,Custom57Mru,FALSE,,Obj Page Setup,1,,970,objpagesetup,,44,,FALSE,ccrstk,,FALSE,FALSE
a0yU0000001DJYUIA4,System Configuration,m_syconfig__c,rs_menu,/apex/listview?rectype=syconfig,847,Custom57Mru,FALSE,,System Configuration,1,,970,syconfig,,47,,FALSE,ccrstk,,FALSE,TRUE
a0yU0000001DJYVIA4,SOORDDMD,m_soorddmd__c,rs_menu,/apex/listview?rectype=soorddmd,847,Custom57Mru,FALSE,,SOORDDMD,1,,970,soorddmd,,24,,FALSE,ccrstk,,FALSE,TRUE
a0yU0000000TIzEIAW,General Journal,m_generaljournal__c,quickbooks,/apex/listView?recType=gljeh,,Custom57Mru,FALSE,a5Z,General Journal,1,,17,,,7,,FALSE,gljeh__c,,FALSE,FALSE
a0yU00000019MDWIA2,Payable Invoice Export,m_quickbooks__c,quickbooks,/apex/QBPayableInvoiceExport,,Custom57Mru,FALSE,,Payable Invoice Export,1,,17,,,6,,FALSE,qbpayableinvoiceexport,,FALSE,FALSE
a0yU0000001ApGgIAK,Inventory Unit Cost Adjust,m_inventoryunitcostadjust__c,inventorytrans,/apex/Stocklocadj2?type=INVDOLADJ,,Custom57Mru,FALSE,,Inventory Unit Cost Adjust,1,,9,,,2,Transactions,FALSE,stocklocadj2_inventoryunitcostadjust,,FALSE,FALSE
a0yU0000006vrzRIAQ,Inbound Shipment Route Type,m_ibrtetype__c,ibshipRoutType,/apex/listview?recType=ibrtetype,275,Custom57Mru,FALSE,a82,Inbound Shipment Route Type,1,,12,ibrtetype,,20,Maintenance,FALSE,ibrtetype__c,,FALSE,FALSE
a0yU0000006vrzSIAQ,Inbound Shipment Container Type,m_ibconttype__c,ibshipContType,/apex/listview?recType=ibconttype,276,Custom57Mru,FALSE,a7z,Inbound Shipment Container Type,1,,12,ibconttype,,21,Maintenance,FALSE,ibconttype__c,,FALSE,FALSE
a0yU0000006vrzTIAQ,Inbound Shipment Route,m_ibroute__c,ibshipRoute,/apex/listview?recType=ibroute,277,Custom57Mru,FALSE,a80,Inbound Shipment Route,1,,12,ibroute,,22,Maintenance,FALSE,ibroute__c,,FALSE,FALSE
a0yU0000006vrzUIAQ,Inbound Shipment,m_ibship__c,ibship,/apex/listview?recType=ibship,278,Custom57Mru,FALSE,a83,Inbound Shipment,1,,12,ibship,,23,Maintenance,FALSE,ibship__c,,FALSE,FALSE
a0yU0000001CrUGIA0,Sales Contract Device Deal Management,m_salesContractDevDealMgmt__c,cpq,/apex/SalesContractDevDealMgmt,,Custom57Mru,FALSE,,Sales Contract Device Deal Management,1,,244,,,14,Processes,FALSE,salescontractdevdealmgmt,,FALSE,FALSE
a0yU0000001CrUHIA0,Sales Contract Device Transfer,m_salesContractDevTransfer__c,cpq,/apex/SalesContractDevTransfer,,Custom57Mru,FALSE,,Sales Contract Device Transfer,1,,244,,,15,Processes,FALSE,salescontractdevtransfer,,FALSE,FALSE
a0yU00000019e52IAA,Shortage Report,m_icshrtlist__c,inventorymgmt,/apex/icshrtlist,,Custom57Mru,FALSE,,Shortage Report,1,,8,,,14,,FALSE,icshrtlist,,FALSE,FALSE
a0yU0000003MHxZIAW,Consolidated Work Order Picklist,m_consolidatedWorkOrderPicklist__c,consolidatedWorkOrderPicklist,/apex/WorkOrders,299,Custom57Mru,FALSE,,Consolidated Work Order Picklist,1,,14,,,26,,FALSE,workorders,,FALSE,FALSE
a0yU0000003MHxaIAG,Consolidated Work Order Picklist,m_consolidatedWorkOrderPicklist__c,consolidatedWorkOrderPicklist,/apex/WorkOrders,299,Custom57Mru,FALSE,,Consolidated Work Order Picklist,1,,14,,,26,,FALSE,workorders,2,FALSE,FALSE
a0yU0000001B8CYIA0,Print Template Mapping,m_printtemplatemapping__c,setup,/apex/listview?recType=PrintTemplateMapping,303,Custom57Mru,FALSE,a5m,Print Template Mapping,1,,1,printtemplatemapping,,29,,FALSE,printtemplatemapping__c,,FALSE,FALSE
a0yU0000000RAAXIA4,Requisition Approval,m_noninventoryreqapproval__c,requisitions,/apex/RequisitionApproval,236,Custom57Mru,TRUE,,Non-Inventory Req Approval,1,,11,,,13,,FALSE,requisitionapproval,,FALSE,FALSE
a0yU0000000RAAYIA4,Manufacturing Machine Master,m_mfgmachinemaster__c,shopfloor,/apex/listview?recType=rtmach,207,Custom57Mru,FALSE,a2B,Mfg Machine Master,1,,10,rtmach,,6,,FALSE,rtmach__c,,FALSE,FALSE
a0yU0000000RAAZIA4,Derive Purch Mtl Costs From PO Activity,m_derivepurchmtlcostsfrompoactivity__c,stdcosts,/apex/stdsetcosts?mode=posetmtlcost,208,Custom57Mru,FALSE,,Derive Purch Mtl Costs from PO Activity,1,,18,,,2,,FALSE,stdsetcosts_posetmtlcost,,FALSE,FALSE
a0yU0000000RAAaIAO,Set Sim Purch Price From PO Derived Costs,m_setsimpurchpricefrompoderivedcost__c,stdcosts,/apex/stdsetcosts?mode=icsetmtlsimcost,209,Custom57Mru,FALSE,,Set Sim Purch Price From PO Derived Cost,1,,18,,,3,,FALSE,stdsetcosts_icsetmtlsimcost,,FALSE,FALSE
a0yU0000000RAAbIAO,Generate/Apply Simulated Rollup Costs,m_generateapplysimulatedrollupcosts__c,stdcosts,/apex/stdsetcosts?mode=costrollup,210,Custom57Mru,FALSE,,Generate/Apply Simulated Rollup Costs,1,,18,,,4,,FALSE,stdsetcosts_costrollup,,FALSE,FALSE
a0yU0000000RAAdIAO,Sales Invoice Export,m_quickbooks__c,quickbooks,/apex/QBSOInvoiceExport,271,Custom57Mru,FALSE,,Sales Invoice Export,1,,17,,,4,,FALSE,qbsoinvoiceexport,,FALSE,FALSE
a0yU0000000RAAeIAO,SO Invoice,m_salesorderinvoice__c,salesorder,/apex/listview?recType=soinv,,Custom57Mru,FALSE,a2o,SO Invoice,1,,15,soinv,20,8,Processes,FALSE,soinv__c,,FALSE,FALSE
a0yU0000000RAAfIAO,Financials,ms_quickbooks__c,,,17,,FALSE,,Financials,0,,,,16,17,,FALSE,,,FALSE,FALSE
a0yU0000000RAAgIAO,Cost Transaction Export,m_quickbooks__c,quickbooks,/apex/QBSytxncstExport,270,Custom57Mru,FALSE,,Cost Transaction Export,1,,17,,,3,,FALSE,qbsytxncstexport,,FALSE,FALSE
a0yU0000000RAAhIAO,Shipping Containers,m_container__c,salesorder,/apex/listview?recType=socontainer,268,Custom57Mru,FALSE,a2f,Shipping Containers,1,,15,socontainer,,7,Processes,FALSE,socontainer__c,,FALSE,FALSE
a0yU0000000RAAiIAO,Verify Cost Transaction Export,m_quickbooks__c,quickbooks,/apex/QBExportVerify,273,Custom57Mru,FALSE,,Verify Cost Transaction Export,1,,17,,,2,,FALSE,qbexportverify,,FALSE,FALSE
a0yU0000000RAAjIAO,Item Usage History,m_itemusagehistory__c,inventorymgmt,/apex/listview?recType=icitmusag,133,Custom57Mru,FALSE,a0d,Item Usage History,1,,9,icitmusag,,17,Qty / Costs / Info,FALSE,icitmusag__c,,FALSE,FALSE
a0yU0000000RAAkIAO,Cost Accounting,ms_costaccounting__c,,,3,,TRUE,,Cost Accounting,0,,,,15,3,,FALSE,,,FALSE,FALSE
a0yU0000000RAAlIAO,Inventory Transactions,ms_inventorytransactions__c,,,9,,FALSE,,Inventory Transactions,0,,,,6,9,,FALSE,,,FALSE,FALSE
a0yU0000000RAAmIAO,Shop Floor,ms_shopfloor__c,,,10,,FALSE,,Shop Floor,0,,,,2,10,,FALSE,,,FALSE,FALSE
a0yU0000000RAAnIAO,Customer Class Product Discount,m_custclassproddisc__c,salesordersu,/apex/listview?recType=soccpd,,Custom57Mru,FALSE,a2V,Customer Class Product Discount,1,,16,,,11,Setup,FALSE,soccpd__c,,FALSE,FALSE
a0yU0000000RAAoIAO,Credit Release,m_socreditrelease__c,salesorder,/apex/socreditrelease,,Custom57Mru,FALSE,,Credit Release,1,,15,,,9,Processes,FALSE,socreditrelease,,FALSE,FALSE
a0yU0000000RAApIAO,Sales Order Line,m_soline__c,salesorder,/apex/listview?recType=soline,181,Custom57Mru,TRUE,,SO Line,1,,15,soline,,2,Processes,FALSE,soline__c,,FALSE,FALSE
a0yU0000000RAAqIAO,FIFO Cost Record,m_fifocostrecord__c,inventorymgmt,/apex/listview?recType=icitemfifoseq,127,Custom57Mru,FALSE,a0W,FIFO Cost Record,1,,8,icitemfifoseq,,10,Qty / Costs / Info,FALSE,icitemfifoseq__c,,FALSE,FALSE
a0yU0000000RAArIAO,Price Books,m_sopricebook__c,salesordersu,/apex/listview?recType=sopbk,,Custom57Mru,FALSE,a39,Price Books,1,,16,,,10,Setup,FALSE,sopbk__c,,FALSE,FALSE
a0yU0000000RAAsIAO,Sales Region,m_salesregion__c,salesordersu,/apex/listview?recType=soregion,,Custom57Mru,FALSE,a2Z,Sales Region,1,,16,,,21,Setup,FALSE,soregion__c,,FALSE,FALSE
a0yU0000000RAAtIAO,WO Operation Qty Reversal,m_wooperationqtyreversal__c,disassembly,,106,,FALSE,,WO Operation Qty Reversal,1,,,,,6,Reversal,FALSE,,,FALSE,FALSE
a0yU0000000RAAuIAO,WO Close,m_woclose__c,workorders,,107,Custom57Mru,TRUE,,WO Close,1,,14,,,7,Maintenance,FALSE,,,FALSE,FALSE
a0yU0000000RAAvIAO,WO Close Reversal,m_woclosereversal__c,disassembly,,108,,FALSE,,WO Close Reversal,1,,,,,8,Reversal,FALSE,,,FALSE,FALSE
a0yU0000000RAAwIAO,WO Labor Booking,m_wolaborbooking__c,disassembly,,109,,FALSE,,WO Labor Booking,1,,,,,9,Booking,FALSE,,,FALSE,FALSE
a0yU0000000RAAxIAO,WO Labor Reversal,m_wolaborreversal__c,disassembly,,110,,FALSE,,WO Labor Reversal,1,,,,,10,Reversal,FALSE,,,FALSE,FALSE
a0yU0000000RAAyIAO,MRP Launch,m_mrplaunch__c,forecastmrp,/apex/Mrp,111,Custom57Mru,FALSE,,MRP Launch,1,,5,,,2,,FALSE,mrp,,FALSE,FALSE
a0yU0000000RAAzIAO,Forecast Demand,m_forecastdemand__c,forecastmrp,/apex/listview?recType=icfcstdmd,112,Custom57Mru,FALSE,a0S,Forecast Demand,1,,5,icfcstdmd,,1,,FALSE,icfcstdmd__c,,FALSE,FALSE
a0yU0000000RAB0IAO,Mass Firm,m_massfirm__c,forecastmrp,,113,,TRUE,,Mass Firm,1,,5,,,3,Import / Reports,FALSE,,,FALSE,FALSE
a0yU0000000RAB1IAO,Summary Review by Item,m_mpsreviewbyitem__c,forecastmrp,/apex/SupDmdRev?supdmdmode=horizontal,114,Custom57Mru,FALSE,,Summary Review by Item,1,,5,,,4,,FALSE,supdmdrev_summbyitem,,FALSE,FALSE
a0yU0000000RAB2IAO,Detailed Review by Item,m_detailedmrpbyitem__c,forecastmrp,/apex/SupDmdRev,115,Custom57Mru,FALSE,,Detailed Review by Item,1,,5,,,5,,FALSE,supdmdrev_detailbyitem,,FALSE,FALSE
a0yU0000000RAB3IAO,Fax Templates,m_faxtemplates__c,forecastmrp,,116,,TRUE,,Fax Templates,1,,5,,,6,Import / Reports,FALSE,,,FALSE,FALSE
a0yU0000000RAB4IAO,Forecast Import,m_forecastimport__c,forecastmrp,,117,,TRUE,,Forecast Import,1,,5,,,7,Import / Reports,FALSE,,,FALSE,FALSE
a0yU0000000RAB5IAO,MRP Action Msg Search,m_mrpactionmsgsearch__c,forecastmrp,/apex/icmrprsch,118,Custom57Mru,FALSE,,MRP Action Msg Search,1,,5,,,9,,FALSE,icmrprsch,,FALSE,FALSE
a0yU0000000RAB6IAO,MRP Data Sync,m_mrpdatasync__c,forecastmrp,,119,,TRUE,,MRP Data Sync,1,,5,,,8,MRP,FALSE,,,FALSE,FALSE
a0yU0000000RAB7IAO,Inventory Item Accounts,m_inventoryitemaccounts__c,inventorymgmt,/apex/listview?recType=icitemacc,120,Custom57Mru,FALSE,a0U,Inventory Item Accounts,1,,8,icitemacc,,3,Qty / Costs / Info,FALSE,icitemacc__c,,FALSE,FALSE
a0yU0000000RAB8IAO,Inventory Item Std Costs,m_inventoryitemstdcosts__c,inventorymgmt,/apex/listview?recType=icitemstd,121,Custom57Mru,FALSE,a0c,Inventory Item Std Costs,1,,8,icitemstd,,2,Qty / Costs / Info,FALSE,icitemstd__c,,FALSE,FALSE
a0yU0000000RAB9IAO,CSITEM,m_resetsimulatedtostandarddate__c,stdcosts,/apex/listview?recType=csitem,217,,TRUE,,CSITEM,1,,20,,,11,,FALSE,csitem__c,,FALSE,FALSE
a0yU0000000RABAIA4,Disassembly Consumable Components,m_pedisadd__c,workorders,/apex/listview?recType=pedisadd,287,Custom57Mru,FALSE,a59,Disassembly Consumable Components,1,,14,pedisadd,,15,WO Details,FALSE,pedisadd__c,,FALSE,FALSE
a0yU0000001B8CTIA0,Labor Pay Type,m_tapaytype__c,shopfloor,/apex/ListView?recType=tapaytype,,Custom57Mru,FALSE,a5p,Labor Pay Type,1,,10,,,10,,FALSE,tapaytype__c,,FALSE,FALSE
a0yU0000000RA7UIAW,Inv Item Std Costs Report,m_invitemstdcostsreport__c,inventorymgmt,,122,,TRUE,,Inv Item Std Costs Report,1,,8,,,21,Qty / Costs / Info,FALSE,,,FALSE,FALSE
a0yU0000000RA7VIAW,Inventory By Location,m_itembystockloc__c,inventorymgmt,/apex/listview?recType=iclocitem,123,Custom57Mru,FALSE,a0f,Inventory By Location,1,,8,iclocitem,,6,Qty / Costs / Info,FALSE,iclocitem__c,,FALSE,FALSE
a0yU0000000RA7WIAW,Inventory By Lot Number,m_itembylotnumber__c,inventorymgmt,/apex/listview?recType=icitemlot,124,Custom57Mru,FALSE,a0X,Inventory By Lot Number,1,,8,icitemlot,,7,Qty / Costs / Info,FALSE,icitemlot__c,,FALSE,FALSE
a0yU0000000RA7XIAW,Bill Of Lading,m_BOL__c,salesorder,/apex/listview?recType=sobol,276,Custom57Mru,FALSE,a19,Bill Of Lading,1,,15,sobol,,14,Processes,FALSE,sobol__c,,FALSE,FALSE
a0yU0000000RA7YIAW,Inventory By Serial Number,m_itembyserialnumber__c,inventorymgmt,/apex/listview?recType=icitemsrl,125,Custom57Mru,FALSE,a0b,Inventory By Serial Number,1,,8,icitemsrl,,8,Qty / Costs / Info,FALSE,icitemsrl__c,,FALSE,FALSE
a0yU0000000RA7ZIAW,Inventory Cost Transactions,m_inventorycosttransactions__c,inventorymgmt,/apex/listview?recType=sytxncst,126,Custom57Mru,FALSE,a4F,Inventory Cost Transactions,1,,8,sytxncst,,9,Qty / Costs / Info,FALSE,sytxncst__c,,FALSE,FALSE
a0yU0000000RA7aIAG,Inventory Item Average Cost / Quantity,m_invitemaveragecostqty__c,inventorymgmt,/apex/listview?recType=icitemcst,127,Custom57Mru,FALSE,a0V,Inventory Item Average Cost / Quantity,1,,8,icitemcst,,10,Qty / Costs / Info,FALSE,icitemcst__c,,FALSE,FALSE
a0yU0000000RA7bIAG,ABC Analysis,m_abcanalysis__c,abcanalysis,,128,,TRUE,,ABC Analysis,1,,7,,,11,,FALSE,,,FALSE,FALSE
a0yU0000000RA7cIAG,Stock Location Import,m_stocklocationimport__c,inventorymgmt,,129,,TRUE,,Stock Location Import,1,,8,,,22,Qty / Costs / Info,FALSE,,,FALSE,FALSE
a0yU0000000RA7dIAG,Inventory Item Master,m_inventoryitemmaster__c,inventorymgmt,/apex/listview?recType=icitem,130,Custom57Mru,FALSE,a0T,Inventory Item Master,1,,8,icitem,,1,Qty / Costs / Info,FALSE,icitem__c,,FALSE,FALSE
a0yU0000000RA7eIAG,Inventory By Item/Project,m_itembyproject__c,inventorymgmt,/apex/listview?recType=icitemproj,131,Custom57Mru,FALSE,a0Y,Inventory By Item/Project,1,,8,icitemproj,,7,Qty / Costs / Info,FALSE,icitemproj__c,,FALSE,FALSE
a0yU0000000RA7fIAG,Item Usage History,m_itemusagehistory__c,abcanalysis,/apex/listview?recType=icitmusag,132,Custom57Mru,FALSE,a0d,Item Usage History,1,,7,icitmusag,,17,,FALSE,icitmusag__c,,FALSE,FALSE
a0yU0000000RA7gIAG,Inventory Location Move,m_stocklocationmove__c,inventorytrans,/apex/Stocklocmove,134,Custom57Mru,FALSE,,Inventory Location Move,1,,9,,,17,Transactions,FALSE,stocklocmove,,FALSE,FALSE
a0yU0000000RA7hIAG,Division to Division Transfer,m_divisiontodivisiontransfer__c,inventorytrans,/apex/Stocklocdivsitemove,135,Custom57Mru,FALSE,,Division to Division Transfer,1,,9,,,5,Transactions,FALSE,stocklocdivsitemove,,FALSE,FALSE
a0yU0000000RA7jIAG,Misc Adjust,m_miscadjust__c,inventorytrans,/apex/Stocklocadj?type=MISCADJ,137,Custom57Mru,TRUE,,Misc Adjust,1,,9,,,4,Transactions,FALSE,stocklocadj,,FALSE,FALSE
a0yU0000000RA7kIAG,Inventory Location Add,m_stocklocationadd__c,inventorytrans,/apex/Stocklocadd?type=LOCADD,138,Custom57Mru,FALSE,,Inventory Location Add,1,,9,,,3,Transactions,FALSE,stocklocadd,,FALSE,FALSE
a0yU0000000RA7lIAG,Inventory Project Move,m_projecttoprojectmove__c,inventorytrans,/apex/Stocklocprojmove,139,Custom57Mru,FALSE,,Inventory Project Move,1,,9,,,21,Transactions,FALSE,stocklocprojmove,,FALSE,FALSE
a0yU0000000RA7mIAG,Inventory Location Scrap,m_inventoryscrap__c,inventorytrans,/apex/Stocklocadj?type=INVLOCSCRP,140,Custom57Mru,TRUE,,Inventory Location Scrap,1,,9,,,2,Transactions,FALSE,stocklocadj,,FALSE,FALSE
a0yU0000000RA7nIAG,Inventory Location Adjust,m_inventoryadjust__c,inventorytrans,/apex/Stocklocadj2?type=INVADJ,141,Custom57Mru,FALSE,,Inventory Location Adjust,1,,9,,,1,Transactions,FALSE,stocklocadj2,,FALSE,FALSE
a0yU0000000RA7oIAG,Cycle Count,m_cyclecount__c,abcanalysis,/apex/Stocklocadj?type=CYCCOUNT,142,,TRUE,,Cycle Count,1,,7,,,5,,FALSE,stocklocadj,,FALSE,FALSE
a0yU0000000RA7pIAG,Customers,m_customers__c,salesordersu,/apex/listview?recType=socust,177,Custom57Mru,FALSE,a2h,Customers,1,,16,socust,,2,Setup,FALSE,socust__c,,FALSE,FALSE
a0yU0000000RA7qIAG,FOB Codes,m_fobcodes__c,salesordersu,/apex/listview?recType=syfob,178,Custom57Mru,FALSE,a3r,FOB Codes,1,,16,syfob,,17,Setup,FALSE,syfob__c,,FALSE,FALSE
a0yU0000000RA7rIAG,SO Control,m_salesordercontrol__c,salesordersu,/apex/listview?recType=socntl,179,Custom57Mru,FALSE,a2X,SO Control,1,,16,socntl,,1,Setup,FALSE,socntl__c,,FALSE,FALSE
a0yU0000000RA7sIAG,Freight Terms,m_freighttermcodes__c,salesordersu,/apex/listview?recType=syfrghtrm,180,Custom57Mru,FALSE,a3s,Freight Terms,1,,16,syfrghtrm,,18,Setup,FALSE,syfrghtrm__c,,FALSE,FALSE
a0yU0000000RA7tIAG,Sales Order Entry,m_soentry__c,salesorder,/apex/listview?recType=sohdr,181,Custom57Mru,FALSE,a2k,SO Entry,1,,15,sohdr,,1,Processes,TRUE,sohdr__c,,TRUE,FALSE
a0yU0000000RA7uIAG,SO Shipment,m_soshipment__c,salesorder,/apex/SOShip,182,Custom57Mru,TRUE,,SO Shipment,1,,15,,,2,Processes,FALSE,soship,,FALSE,FALSE
a0yU0000000RA7vIAG,Work Center Capacity Planning,m_wccapacityplanning__c,schcapplng,/apex/Wccptypln,183,Custom57Mru,FALSE,,Capacity Planning,1,,6,,,2,,FALSE,wccptypln,,FALSE,FALSE
a0yU0000000RA7wIAG,WO Scheduling,m_woscheduling__c,schcapplng,/apex/Woscheduling,184,Custom57Mru,FALSE,,WO Scheduling,1,,6,,,1,,FALSE,woscheduling,,FALSE,FALSE
a0yU0000000RA7xIAG,PO AP Match,m_poapmatch__c,purchasings,/apex/POAPMatch,,Custom57Mru,FALSE,,PO-AP Match,1,,12,,,10,Processes,FALSE,poapmatch,,FALSE,FALSE
a0yU0000000RA7yIAG,Standard Costs,ms_standardcosts__c,,,18,,FALSE,,Standard Costs,0,,,,15,18,,FALSE,,,FALSE,FALSE
a0yU0000000RA7zIAG,System Setup,ms_systemsetup__c,,,1,,FALSE,,System Setup,0,,,,25,1,,FALSE,,,FALSE,FALSE
a0yU0000000RA80IAG,Inventory Management,ms_inventorymanagement__c,,,8,,FALSE,,Inventory Management,0,,,,7,8,,FALSE,,,FALSE,FALSE
a0yU0000000RA81IAG,Customer Class Product Group Discounts,m_custclassprodgrpdisc__c,salesordersu,/apex/listview?recType=soccccd,,Custom57Mru,FALSE,a2S,Customer Class Product Group Discounts,1,,16,soccccd,,13,Setup,FALSE,soccccd__c,,FALSE,FALSE
a0yU0000000RA82IAG,Container Type,m_containertype__c,salesordersu,/apex/listview?recType=socontype,267,Custom57Mru,FALSE,a2G,Container Type,1,,16,socontype,,16,Setup,FALSE,socontype__c,,FALSE,FALSE
a0yU0000000RA83IAG,Customer Product Group Discounts,m_custprodgrpdiscounts__c,salesordersu,/apex/listview?recType=socccd,,Custom57Mru,FALSE,a2T,Customer Product Group Discounts,1,,16,socccd,,12,Setup,FALSE,socccd__c,,FALSE,FALSE
a0yU0000000RA84IAG,Component Price Maint,m_componentpricemaint__c,salesordersu,/apex/listview?recType=socompp,,Custom57Mru,FALSE,a2b,Component Price Maint,1,,16,socompp,,9,Setup,FALSE,socompp__c,,FALSE,FALSE
a0yU0000000RA85IAG,Service Items,m_serviceitemmaster__c,salesordersu,/apex/listview?recType=soservice,,Custom57Mru,FALSE,a3S,Service Items,1,,16,soservice,,6,Setup,FALSE,soservice__c,,FALSE,FALSE
a0yU0000000RA86IAG,State / Province,m_stateprovince__c,setup,/apex/listview?recType=systate,261,Custom57Mru,FALSE,a4C,State / Province,1,,1,systate,,22,Maintenance,FALSE,systate__c,,FALSE,FALSE
a0yU0000000RA87IAG,Set Std Costs from Simulated,m_setstandardcostsfromsimulated__c,stdcosts,/apex/stdsetcosts?mode=cssimstdmove,211,Custom57Mru,FALSE,,Set Standard Costs from Simulated,1,,18,,,5,,FALSE,stdsetcosts_cssimstdmove,,FALSE,FALSE
a0yU0000000RA88IAG,Item Std Cost Maint,m_itemstdcostmaint__c,stdcosts,/apex/listview?recType=icitemstd,212,,TRUE,,Item Std Cost Maint,1,,20,,,6,,FALSE,icitemstd__c,,FALSE,FALSE
a0yU0000000RA89IAG,Costed BOM Report,m_costedbomreport__c,stdcosts,/apex/IndentedBOM2?iscosted=true,213,Custom57Mru,FALSE,,Costed BOM Report,1,,18,,,7,,FALSE,indentedbom2,,FALSE,FALSE
a0yU0000000RA8AIAW,Copy Sim Costs to Std,m_copysimcoststostd__c,stdcosts,/apex/stdsetcosts?mode=cssimstdmove,214,,TRUE,,Copy Sim Costs to Std,1,,20,,,8,,FALSE,stdsetcosts,,FALSE,FALSE
a0yU0000000RA8BIAW,PO Item Cost Cur Avg Cost to Hist,m_poitemcostcuravgcosttohist__c,stdcosts,,215,,TRUE,,PO Item Cost Cur Avg Cost to Hist,1,,20,,,9,,FALSE,,,FALSE,FALSE
a0yU0000000RA8CIAW,Reset Simulated to Standard Date,m_resetsimulatedtostandarddate__c,stdcosts,,216,,TRUE,,Reset Simulated to Standard Date,1,,20,,,10,,FALSE,,,FALSE,FALSE
a0yU0000000RA8DIAW,Products,m_productmaster__c,salesordersu,/apex/listview?recType=soprod,176,Custom57Mru,FALSE,a3M,Products,1,,16,soprod,,4,Setup,FALSE,soprod__c,,FALSE,FALSE
a0yU0000000RA8EIAW,Vendor Master,m_vendormaster__c,purchasings,/apex/listview?recType=povend,160,Custom57Mru,FALSE,a22,Vendor Master,1,,12,povend,,2,Maintenance,FALSE,povend__c,,FALSE,FALSE
a0yU0000000RA8FIAW,Purchase Item Master,m_poitemmaster__c,purchasings,/apex/listview?recType=poitem,161,Custom57Mru,FALSE,a1l,PO Item Master,1,,12,poitem,,1,Maintenance,FALSE,poitem__c,,FALSE,FALSE
a0yU0000000RA8GIAW,PO Commodity Code,m_pocommoditycode__c,purchasings,/apex/listview?recType=pocomcod,162,Custom57Mru,FALSE,a1e,PO Commodity Code,1,,12,pocomcod,,12,Maintenance,FALSE,pocomcod__c,,FALSE,FALSE
a0yU0000000RA8HIAW,Inventory Requisitions,m_inventoryrequisitions__c,requisitions,/apex/listview?recType=icreq,163,Custom57Mru,FALSE,a0k,Inventory Requisitions,1,,11,icreq,,3,,FALSE,icreq__c,,FALSE,FALSE
a0yU0000000RA8IIAW,Purchase Order Entry,m_poentry__c,purchasings,/apex/listview?recType=pohdr,164,Custom57Mru,FALSE,a1i,PO Entry,1,,12,pohdr,,4,Processes,FALSE,pohdr__c,,FALSE,FALSE
a0yU0000000RA8JIAW,Work Orders,m_woworkbench__c,workorders,/apex/listview?recType=wocst,217,Custom57Mru,FALSE,a4P,Work Orders,1,,14,wocst,,1,Processes,FALSE,wocst__c,,FALSE,FALSE
a0yU0000000RA8KIAW,Mass Firm Work Orders,m_massfirmworkorders__c,workorders,/apex/wocstfirm,218,Custom57Mru,FALSE,,Mass Firm Work Orders,1,,14,,,2,Processes,FALSE,wocstfirm,,FALSE,FALSE
a0yU0000000RA8LIAW,Work Order Components,m_wocomponents__c,workorders,/apex/listview?recType=woorddmd,219,Custom57Mru,FALSE,a4T,WO Components,1,,14,woorddmd,,15,WO Details,FALSE,woorddmd__c,,FALSE,FALSE
a0yU0000000RA8MIAW,Work Order Traveler,m_wotraveler__c,workorders,/apex/WOTraveler,220,Custom57Mru,FALSE,,WO Traveler,1,,14,,,4,Processes,FALSE,wotraveler,,FALSE,FALSE
a0yU0000000RA8NIAW,Work Order Picklist,m_wopicklist__c,workorders,/apex/WOPickList,221,Custom57Mru,FALSE,,WO Pick List,1,,14,,,5,Processes,FALSE,wopicklist,,FALSE,FALSE
a0yU0000000RA8OIAW,Work Order Issue Reversals,m_woissuereversal__c,workorders,/apex/Woissuer,222,Custom57Mru,FALSE,,WO Issue Reversal,1,,14,,,22,Reversals,FALSE,woissuer,,FALSE,FALSE
a0yU0000000RA8PIAW,Work Order Serial,m_woserial__c,workorders,/apex/listview?recType=woordsrl,223,Custom57Mru,FALSE,a4X,WO Serial,1,,14,woordsrl,,7,Processes,FALSE,woordsrl__c,,FALSE,FALSE
a0yU0000000RA8QIAW,Work Center Dispatch List,m_workcenterdispatchlist__c,schcapplng,/apex/Wctrdsptch,224,Custom57Mru,FALSE,,WC Dispatch List,1,,6,,,8,,FALSE,wctrdsptch,,FALSE,FALSE
a0yU0000000RA8RIAW,Work Order Operations,m_wooperations__c,workorders,/apex/listview?recType=woordop,225,Custom57Mru,FALSE,a4V,WO Operations,1,,14,woordop,,9,WO Details,FALSE,woordop__c,,FALSE,FALSE
a0yU0000000RA8SIAW,WO Operation Qty Booking,m_wooperationqtybooking__c,workorders,/apex/Opqtybook,226,Custom57Mru,TRUE,,WO Operation Qty Booking,1,,14,,,10,Processes,FALSE,opqtybook,,FALSE,FALSE
a0yU0000000RA8TIAW,WO Operation Qty Booking,m_wooperationqtyreversal__c,workorders,,227,Custom57Mru,TRUE,,WO Operation Qty Reversal,1,,14,,,11,Reversals,FALSE,,,FALSE,FALSE
a0yU0000000RA8UIAW,WO Close Reversal,m_woclosereversal__c,workorders,,229,Custom57Mru,TRUE,,WO Close Reversal,1,,14,,,13,Reversals,FALSE,,,FALSE,FALSE
a0yU0000000RA8VIAW,Work Order Receipt,m_woreceipt__c,workorders,/apex/Woreceipt,230,Custom57Mru,FALSE,,WO Receipt,1,,14,,,8,Processes,FALSE,woreceipt,,FALSE,FALSE
a0yU0000000RA8WIAW,Work Order Issue,m_woissue__c,workorders,/apex/Woissue,231,Custom57Mru,FALSE,,WO Issue,1,,14,,,5,Processes,FALSE,woissue,,FALSE,FALSE
a0yU0000000RA8XIAW,Labor & Machine Booking,m_wolabormachinebooking__c,workorders,/apex/Labmachbook,232,Custom57Mru,TRUE,,Labor & Machine Booking,1,,14,,,6,Processes,FALSE,labmachbook,,FALSE,FALSE
a0yU0000000RA8YIAW,WO Labor Reversal,m_wolaborreversal__c,workorders,,233,Custom57Mru,TRUE,,WO Labor Reversal,1,,14,,,17,Reversals,FALSE,,,FALSE,FALSE
a0yU0000000RA8ZIAW,WO Receipt Reversal,m_woreceiptreversal__c,workorders,/apex/Woreceiptr,234,Custom57Mru,FALSE,,WO Receipt Reversal,1,,14,,,23,Reversals,FALSE,woreceiptr,,FALSE,FALSE
a0yU0000000RA8aIAG,Work Orders,m_woworkbench__c,disassembly,,101,,FALSE,,Work Orders,1,,,,,1,Maintenance,FALSE,,,FALSE,FALSE
a0yU0000000RA8bIAG,Disassembly Comp Disposition,m_disassemblycompdisposition__c,disassembly,,102,,FALSE,,Disassembly Comp Disposition,1,,,,,2,Maintenance,FALSE,,,FALSE,FALSE
a0yU0000000RA8cIAG,Disassembly Req Maint,m_disassemblyreqmaint__c,disassembly,,103,,FALSE,,Disassembly Req Maint,1,,,,,3,Maintenance,FALSE,,,FALSE,FALSE
a0yU0000000RA8dIAG,Shop Calendar,m_shopcalendar__c,setup,/apex/listview?recType=shopcal,196,Custom57Mru,FALSE,a2I,Shop Calendar,1,,1,,,18,Initial Setup,FALSE,shopcal__c,,FALSE,FALSE
a0yU0000000RA8eIAG,Scrap Reason Codes,m_scrapreasoncodes__c,setup,/apex/listview?recType=syscrap,197,Custom57Mru,FALSE,a49,Scrap Reason Codes,1,,1,syscrap,,19,Maintenance,FALSE,syscrap__c,,FALSE,FALSE
a0yU0000000RA8fIAG,Installation Record,m_installation__c,setup,/apex/listview?recType=syinstall,198,Custom57Mru,TRUE,,Installation,1,,1,syinstall,,1,Initial Setup,FALSE,syinstall__c,,FALSE,FALSE
a0yU0000000RA8gIAG,Company Master,m_companymaster__c,setup,/apex/listview?recType=sycmp,199,Custom57Mru,FALSE,a3k,Company Master,1,,1,sycmp,,2,Initial Setup,FALSE,sycmp__c,,FALSE,FALSE
a0yU0000000RA8hIAG,Division Master,m_divisionmaster__c,setup,/apex/listview?recType=sydiv,200,Custom57Mru,FALSE,a3p,Division Master,1,,1,sydiv,,3,Initial Setup,FALSE,sydiv__c,,FALSE,FALSE
a0yU0000000RA8iIAG,Employees,m_employees__c,setup,/005,201,Custom57Mru,FALSE,,Employees,1,,1,,,4,Initial Setup,FALSE,sf_user,,FALSE,FALSE
a0yU0000000RA8jIAG,Manufacturing Labor Grades,m_mfglaborgrades__c,shopfloor,/apex/listview?recType=rtlabgrd,202,Custom57Mru,FALSE,a2A,Mfg Labor Grades,1,,10,rtlabgrd,,5,,FALSE,rtlabgrd__c,,FALSE,FALSE
a0yU0000000RA8kIAG,Manufacturing Departments,m_mfgdepartments__c,shopfloor,/apex/listview?recType=rtdept,203,Custom57Mru,FALSE,a29,Mfg Departments,1,,10,rtdept,,2,,FALSE,rtdept__c,,FALSE,FALSE
a0yU0000000RA8lIAG,Manufacturing Work Centers,m_mfgworkcenters__c,shopfloor,/apex/listview?recType=rtwctr,204,Custom57Mru,FALSE,a2F,Mfg Work Centers,1,,10,rtwctr,,4,,FALSE,rtwctr__c,,FALSE,FALSE
a0yU0000000RA8mIAG,Manufacturing Processes,m_mfgprocesses__c,shopfloor,/apex/listview?recType=rtproc,205,Custom57Mru,FALSE,a2C,Mfg Processes,1,,10,rtproc,,4,,FALSE,rtproc__c,,FALSE,FALSE
a0yU0000000RA8nIAG,Routing Master,m_routingmaster__c,shopfloor,/apex/listview?recType=rtrouthdr,206,Custom57Mru,FALSE,a2D,Routing Master,1,,10,rtrouthdr,,1,,FALSE,rtrouthdr__c,,FALSE,FALSE
a0yU0000000RA8oIAG,Purchase Order Agreement,m_poagreement__c,purchasings,/apex/listview?recType=poagrhdr,240,Custom57Mru,TRUE,,PO Agreement,1,,12,poagrhdr,,13,Maintenance,FALSE,poagrhdr__c,,FALSE,FALSE
a0yU0000000RA8pIAG,WO Operation Cost,m_wooperationcost__c,workorders,/apex/listview?recType=wopcst,245,Custom57Mru,FALSE,a4Z,WO Operation Cost,1,,14,wopcst,,21,WO Details,FALSE,wopcst__c,,FALSE,FALSE
a0yU0000000RA8qIAG,WO Operation Location,m_wooperationlocation__c,workorders,/apex/listview?recType=woploc,242,Custom57Mru,FALSE,a4a,WO Operation Location,1,,14,woploc,,20,WO Details,FALSE,woploc__c,,FALSE,FALSE
a0yU0000000RA8rIAG,WO Operation Schedule,m_wooperationschedule__c,workorders,/apex/listview?recType=wopsch,241,Custom57Mru,FALSE,a4b,WO Operation Schedule,1,,14,wopsch,,19,Processes,FALSE,wopsch__c,,FALSE,FALSE
a0yU0000000RA8sIAG,WO Component Details,m_wocomponentdetails__c,workorders,/apex/listview?recType=woorddmdcst,243,Custom57Mru,FALSE,a4U,WO Component Details,1,,14,woorddmdcst,,18,WO Details,FALSE,woorddmdcst__c,,FALSE,FALSE
a0yU0000000RA8tIAG,Requisitions,ms_requisitions__c,,,11,,FALSE,,Requisitions,0,,,,9,11,,FALSE,,,FALSE,FALSE
a0yU0000000RA8uIAG,Sales Order Processes,ms_salesorder__c,,,15,,FALSE,,Sales Order Processes,0,,,,12,15,,FALSE,,,FALSE,FALSE
a0yU0000000RA8vIAG,ABC Cycle Count,ms_abccyclecount__c,,,7,,TRUE,,ABC Cycle Count,0,,,,7,,,FALSE,,,FALSE,FALSE
a0yU0000000RA8wIAG,Forecasting-MRP,ms_forecastingmrp__c,,,5,,FALSE,,Forecasting-MRP,0,,,,4,5,,FALSE,,,FALSE,FALSE
a0yU0000000RA8xIAG,Sales Order Setup,ms_salesordersu__c,,,16,,FALSE,,Sales Order Setup,0,,,,14,16,,FALSE,,,FALSE,FALSE
a0yU0000000RA8yIAG,Work Orders,ms_workorders__c,,,14,,FALSE,,Work Orders,0,,,,11,14,,FALSE,,,FALSE,FALSE
a0yU0000000RA8zIAG,Mfg Engineering,ms_mfgengineering__c,,,4,,FALSE,,Mfg Engineering,0,,,,1,4,,FALSE,,,FALSE,FALSE
a0yU0000000RA90IAG,Scheduling-Capacity Planning,ms_schedulingcapacityplanning__c,,,6,,FALSE,,Scheduling-Capacity Planning,0,,,,5,6,,FALSE,,,FALSE,FALSE
a0yU0000000RA91IAG,Purchasing,ms_purchasing__c,,,12,,FALSE,,Purchasing,0,,,,10,12,,FALSE,,,FALSE,FALSE
a0yU0000000RA92IAG,Project Control,ms_projectcontrol__c,,,2,,FALSE,,Project Control,0,,,,3,2,,FALSE,,,FALSE,FALSE
a0yU0000000RA93IAG,InventoryControlParameters,m_invcyclecountcontrols__c,abcanalysis,/apex/listview?recType=icparm,256,Custom57Mru,TRUE,,Inv Cycle Count Controls,1,,7,icparm,,19,,FALSE,icparm__c,,FALSE,FALSE
a0yU0000000RA94IAG,Division Address,m_divisionaddress__c,setup,/apex/listview?recType=sydivaddr,257,Custom57Mru,FALSE,a3q,Division Address,1,,1,sydivaddr,,20,Initial Setup,FALSE,sydivaddr__c,,FALSE,FALSE
a0yU0000000RA95IAG,ODC Code Maintenance,m_odccodemaintenance__c,purchasings,/apex/listview?recType=syodc,258,Custom57Mru,FALSE,a42,ODC Code Maintenance,1,,12,syodc,,15,Maintenance,FALSE,syodc__c,,FALSE,FALSE
a0yU0000000RA96IAG,PO-AP Control,m_poapcontrol__c,purchasings,/apex/listview?recType=syapcntl,259,Custom57Mru,FALSE,a3g,PO-AP Control,1,,12,syapcntl,,16,Maintenance,FALSE,syapcntl__c,,FALSE,FALSE
a0yU0000000RA97IAG,Customer Class,m_customerclass__c,salesordersu,/apex/listview?recType=socclass,261,Custom57Mru,FALSE,a2U,Customer Class,1,,16,socclass,,3,Setup,FALSE,socclass__c,,FALSE,FALSE
a0yU0000000RA98IAG,Currency Master,m_currencymaster__c,setup,/apex/listview?recType=sycurr,260,Custom57Mru,FALSE,a3m,Currency Master,1,,1,sycurr,,21,Initial Setup,FALSE,sycurr__c,,FALSE,FALSE
a0yU0000000RA99IAG,Tax Locations,m_taxlocation__c,salesordersu,/apex/listview?recType=sotax,262,Custom57Mru,FALSE,a3Y,Tax Locations,1,,16,sotax,,24,Setup,FALSE,sotax__c,,FALSE,FALSE
a0yU0000000RA9AIAW,PO Approval Maintenance,m_poapprovalmaint__c,purchasings,/apex/PurchOrdAppvlMaint,263,,TRUE,,PO Approval Maint,1,,12,,,18,Maintenance,FALSE,purchordappvlmaint,,FALSE,FALSE
a0yU0000000RA9BIAW,Sales Order Type,m_salesordertype__c,salesordersu,/apex/listview?recType=sootype,266,Custom57Mru,FALSE,a36,Sales Order Type,1,,16,sootype,,22,Setup,TRUE,sootype__c,,FALSE,FALSE
a0yU0000000RA9CIAW,Salesperson,m_salesperson__c,salesordersu,/apex/listview?recType=sosales,265,Custom57Mru,FALSE,a3Q,Salesperson,1,,16,sosales,,20,Setup,FALSE,sosales__c,,FALSE,FALSE
a0yU0000000RA9DIAW,Inventory Unit Cost Adjust,,inventorytrans,/apex/Stocklocadj?type=INVDOLADJ,253,Custom57Mru,TRUE,,Inventory Unit Cost Adjust,1,,9,,,2,Transactions,FALSE,stocklocadj,,FALSE,FALSE
a0yU0000000RA9EIAW,Dimension Source Override,m_dimensionsourceoverride__c,setup,/apex/listview?recType=sydimovr,262,Custom57Mru,FALSE,a0u,Dimension Source Override,1,,1,sydimovr,,23,Initial Setup,FALSE,sydimovr__c,,FALSE,FALSE
a0yU0000000RA9FIAW,Stock Location Numbers,m_stocklocnumber__c,setup,/apex/listview?recType=sylocnum,,Custom57Mru,FALSE,a3z,Stock Location Numbers,1,,1,sylocnum,,14,Maintenance,FALSE,sylocnum__c,,FALSE,FALSE
a0yU0000000RA9GIAW,Inventory Location Numbers,sylocnum,setup,/apex/listview?recType=sylocnum,262,Custom57Mru,TRUE,,Inventory Location Number,1,,1,sylocnum,,13,Maintenance,FALSE,sylocnum__c,,FALSE,FALSE
a0yU0000000RA9HIAW,SO Fulfillment,m_salesorderworkbench__c,salesorder,/apex/SalesOrderWorkbench,,Custom57Mru,FALSE,,SO Fulfillment,1,,15,,,2,Processes,FALSE,salesorderworkbench,,FALSE,FALSE
a0yU0000000RA9IIAW,Packaging,ms_packaging__c,,,16,,TRUE,,Packaging,0,,,,13,,,FALSE,,,FALSE,FALSE
a0yU0000000RA9JIAW,Engineering BOM Query/Edit,m_engbomqueryedit__c,mfgengineering,/apex/Pebomqry,151,Custom57Mru,FALSE,,Engineering BOM Query/Edit,1,,4,,,3,,FALSE,pebomqry,,FALSE,FALSE
a0yU0000000RA9KIAW,ECO Reasons,m_ecoreasons__c,mfgengineering,/apex/listview?recType=pecor,152,Custom57Mru,FALSE,a1O,ECO Reasons,1,,4,pecor,,10,,FALSE,pecor__c,,FALSE,FALSE
a0yU0000000RA9LIAW,Engineering BOM Master,m_engbommaster__c,mfgengineering,/apex/listview?recType=pebom,153,Custom57Mru,FALSE,a1K,Engineering BOM Master,1,,4,pebom,,4,,FALSE,pebom__c,,FALSE,FALSE
a0yU0000000RA9MIAW,Project Master,m_projectmaster__c,projectcontrol,/apex/listview?recType=pjproj,154,Custom57Mru,FALSE,a1T,Project Master,1,,2,pjproj,,1,,FALSE,pjproj__c,,FALSE,FALSE
a0yU0000000RA9NIAW,Project Workbench,m_projectworkbench__c,projectcontrol,/apex/listview?recType=pjwkb,155,Custom57Mru,FALSE,a1X,Project Workbench,1,,2,pjwkb,,2,,FALSE,pjwkb__c,,FALSE,FALSE
a0yU0000000RA9OIAW,Project to Project Move,m_projecttoprojectmove__c,projectcontrol,,156,,TRUE,,Project to Project Move,1,,2,,,3,,FALSE,,,FALSE,FALSE
a0yU0000000RA9PIAW,Inventory By Item/Project,m_itembyproject__c,projectcontrol,/apex/listview?recType=icitemproj,157,Custom57Mru,FALSE,a0Y,Inventory By Item/Project,1,,2,icitemproj,,4,,FALSE,icitemproj__c,,FALSE,FALSE
a0yU0000000RA9QIAW,Project Budget/Cost,m_projectbudgetcost__c,projectcontrol,/apex/listview?recType=pjprojcst,158,Custom57Mru,FALSE,a1U,Project Budget/Cost,1,,2,pjprojcst,,5,,FALSE,pjprojcst__c,,FALSE,FALSE
a0yU0000000RA9RIAW,PO Control Record,m_pocontrolrecord__c,purchasings,/apex/listview?recType=pocntl,159,Custom57Mru,FALSE,a1d,PO Control Record,1,,12,pocntl,,11,Maintenance,FALSE,pocntl__c,,FALSE,FALSE
a0yU0000000RA9SIAW,WO Disassembly Print,m_wodisassemblyprint__c,disassembly,,104,,FALSE,,WO Disassembly Print,1,,,,,4,Maintenance,FALSE,,,FALSE,FALSE
a0yU0000000RA9TIAW,WO Operation Qty Booking,m_wooperationqtybooking__c,disassembly,,105,,FALSE,,WO Operation Qty Booking,1,,,,,5,Booking,FALSE,,,FALSE,FALSE
a0yU0000000RA9UIAW,Customer Product,m_customerproductprice__c,salesordersu,/apex/listview?recType=sopc,,Custom57Mru,FALSE,a3B,Customer Product,1,,16,sopc,,7,Setup,FALSE,sopc__c,,FALSE,FALSE
a0yU0000000RA9VIAW,User Status,m_souserstatus__c,salesordersu,/apex/listview?recType=soustat,,Custom57Mru,FALSE,a3Z,User Status,1,,16,soustat,,25,Setup,FALSE,soustat__c,,FALSE,FALSE
a0yU0000000RA9WIAW,Work Order Scrap,m_woscrap__c,workorders,/apex/woscrap,230,Custom57Mru,TRUE,,WO Scrap,1,,14,,,7,Processes,FALSE,woscrap,,FALSE,FALSE
a0yU0000000RA9XIAW,Purchase Order Receipts,m_poitemreceipts__c,purchasings,/apex/POReceipt,166,Custom57Mru,FALSE,,Purchase Order Receipts,1,,12,,,7,Processes,FALSE,poreceipt,,FALSE,FALSE
a0yU0000000RA9YIAW,Purchase Order Line,m_polinedetail__c,purchasings,/apex/listview?recType=poline,167,Custom57Mru,FALSE,a1o,PO Line Detail,1,,12,,,5,Maintenance,FALSE,poline__c,,FALSE,FALSE
a0yU0000000RA9ZIAW,Requisition Workbench,m_requisitionworkbench__c,requisitions,/apex/icreqfirm,165,Custom57Mru,FALSE,,Requisition Workbench,1,,11,,,5,,FALSE,icreqfirm,,FALSE,FALSE
a0yU0000000RA9aIAG,PO Item Cost,m_poitemcost__c,stdcosts,/apex/listview?recType=poitemcst,168,Custom57Mru,FALSE,a1m,PO Item Cost,1,,18,poitemcst,,1,,FALSE,poitemcst__c,,FALSE,FALSE
a0yU0000000RA9bIAG,PO Component,m_pocomponent__c,purchasings,,169,,TRUE,,PO Component,1,,12,,,19,Maintenance,FALSE,,,FALSE,FALSE
a0yU0000000RA9cIAG,PO Requisition Demand,m_porequisitiondemand__c,requisitions,,170,,TRUE,,PO Requisition Demand,1,,11,,,20,,FALSE,,,FALSE,FALSE
a0yU0000000RA9dIAG,Item/Vendor Master,m_itemvendormaster__c,purchasings,/apex/listview?recType=poitemvend,171,Custom57Mru,FALSE,a1n,Item / Vendor Master,1,,12,poitemvend,,3,Maintenance,FALSE,poitemvend__c,,FALSE,FALSE
a0yU0000000RA9fIAG,Product Groups,m_productgroupcode__c,salesordersu,/apex/listview?recType=socomm,173,Custom57Mru,FALSE,a2a,Product Groups,1,,16,socomm,,5,Setup,FALSE,socomm__c,,FALSE,FALSE
a0yU0000000RA9gIAG,Carriers,m_carriercodes__c,salesordersu,/apex/listview?recType=sycarrier,174,Custom57Mru,FALSE,a3j,Carriers,1,,16,sycarrier,,15,Setup,FALSE,sycarrier__c,,FALSE,FALSE
a0yU0000000RA9hIAG,Shipping Methods,m_shipviatypecodes__c,salesordersu,/apex/listview?recType=syshipviatype,175,Custom57Mru,FALSE,a4A,Shipping Methods,1,,16,syshipviatype,,23,Setup,FALSE,syshipviatype__c,,FALSE,FALSE
a0yU0000000RA9iIAG,PO Receipt Reversals,m_poreceiptreversals__c,purchasings,/apex/POReceiptr,274,Custom57Mru,FALSE,,PO Receipt Reversals,1,,12,,,18,Processes,FALSE,poreceiptr,,FALSE,FALSE
a0yU0000000RA9jIAG,Inventory Commodity Code,m_invcommoditycode__c,setup,/apex/listview?recType=iccomcod,188,Custom57Mru,FALSE,a0O,Inventory Comm Code,1,,1,iccomcod,,17,Maintenance,FALSE,iccomcod__c,,FALSE,FALSE
a0yU0000000RA9kIAG,Site Master,m_sitemaster__c,setup,/apex/listview?recType=sysite,189,Custom57Mru,FALSE,a4B,Site Master,1,,1,sysite,,11,Initial Setup,FALSE,sysite__c,,FALSE,FALSE
a0yU0000000RA9lIAG,Manufacturing Users,m_mfgusernumbers__c,setup,/apex/listview?recType=syusr,190,Custom57Mru,FALSE,a4I,Manufacturing Users,1,,1,syusr,,6,Initial Setup,FALSE,syusr__c,,FALSE,FALSE
a0yU0000000RA9mIAG,GL Accounts,m_glaccounts__c,setup,/apex/listview?recType=syqbcoa,191,Custom57Mru,TRUE,,GL Accounts,1,,1,syqbcoa,,15,Initial Setup,FALSE,syqbcoa__c,,FALSE,FALSE
a0yU0000000RA9nIAG,PO Receipt Routing,m_poreceiptrouting__c,setup,/apex/listview?recType=porcvgtype,192,Custom57Mru,TRUE,,PO Receipt Routing,1,,1,porcvgtype,,15,,FALSE,porcvgtype__c,,FALSE,FALSE
a0yU0000000RA9oIAG,Mfg Accounts,m_mfgaccounts__c,setup,/apex/listview?recType=syacc,193,Custom57Mru,FALSE,a3d,Mfg Accounts,1,,1,syacc,,16,Initial Setup,FALSE,syacc__c,,FALSE,FALSE
a0yU0000000RA9pIAG,Unit of Measure Master,m_unitofmeasuremaster__c,setup,/apex/listview?recType=syuom,194,Custom57Mru,FALSE,a4H,Unit Of Measure Master,1,,1,syuom,,12,Maintenance,FALSE,syuom__c,,FALSE,FALSE
a0yU0000000RA9qIAG,PO Receipt Operations,m_poreceiptoperations__c,setup,/apex/listview?recType=porcvgop,195,Custom57Mru,TRUE,,PO Receipt Operations,1,,1,porcvgop,,16,Reference,FALSE,porcvgop__c,,FALSE,FALSE
a0yU0000000RA9rIAG,Engineering Item Master,m_mfgengitemmaster__c,mfgengineering,/apex/listview?recType=peitem,148,Custom57Mru,FALSE,a1P,Engineering Item Master,1,,4,peitem,,1,,FALSE,peitem__c,,FALSE,FALSE
a0yU0000000RA9sIAG,Engineering Revisions,m_engrevisionsedit__c,mfgengineering,/apex/listview?recType=peitemrev,149,Custom57Mru,FALSE,a1R,Engineering Revisions,1,,4,peitemrev,,2,,FALSE,peitemrev__c,,FALSE,FALSE
a0yU0000000RA9tIAG,ECO Master,m_ecomaster__c,mfgengineering,/apex/listview?recType=pecoh,150,Custom57Mru,FALSE,a1M,ECO Master,1,,4,pecoh,,9,,FALSE,pecoh__c,,FALSE,FALSE
a0yU0000000RA9uIAG,Engineering BOM Mass Add,m_engbommassadd__c,mfgengineering,/apex/BOMMassAdd,143,Custom57Mru,FALSE,,Engineering BOM Mass Add,1,,4,,,5,,FALSE,bommassadd,,FALSE,FALSE
a0yU0000000RA9vIAG,SO Shipper,m_soshipment__c,salesorder,/apex/listview?recType=soship,275,Custom57Mru,FALSE,a3T,SO Shipper,1,,15,soship,,5,Processes,TRUE,soship__c,,FALSE,FALSE
a0yU0000000RA9wIAG,Forecast Fast Entry,m_fastforecastentry__c,forecastmrp,/apex/Fastforecastentry,112,Custom57Mru,FALSE,,Forecast Fast Entry,1,,5,icfcstdmd,,1,,FALSE,fastforecastentry,,FALSE,FALSE
a0yU0000000RA9xIAG,RMA Status,m_sormastat__c,salesordersu,/apex/listView?recType=sormastat,281,Custom57Mru,FALSE,a4s,RMA Status,1,,16,sormastat,,26,Setup,FALSE,sormastat__c,,FALSE,FALSE
a0yU0000000RA9yIAG,G/L Account,m_quickbooks__c,quickbooks,/apex/listView?recType=syqbcoa,,Custom57Mru,FALSE,a4i,G/L Account,1,,17,,,5,,FALSE,syqbcoa__c,,FALSE,FALSE
a0yU0000000RA9zIAG,Routing Operations,m_routingoper__c,shopfloor,/apex/listview?recType=rtroutoper,282,Custom57Mru,FALSE,a2E,Routing Operations,1,,10,rtroutoper,,2,,FALSE,rtroutoper__c,,FALSE,FALSE
a0yU0000000RAA0IAO,Prepayment,m_soppy__c,salesorder,/apex/listView?recType=soppy,284,Custom57Mru,FALSE,a3J,Prepayment,1,,15,soppy,,10,Processes,FALSE,soppy__c,,FALSE,FALSE
a0yU0000000RAA1IAO,Open PO Lines /w Bar Code,m_openpobarcode__c,purchasings,/apex/openpobarcode,,Custom57Mru,FALSE,,Open PO Lines /w Bar Code,1,,12,,,17,Processes,FALSE,openpobarcode,,FALSE,FALSE
a0yU0000000RAA2IAO,Project Status,m_pjstatus__c,pjstatus,/apex/listview?recType=pjstatus,283,Custom57Mru,FALSE,a4u,Project Status,1,,2,pjstatus,,6,,FALSE,pjstatus__c,,FALSE,FALSE
a0yU0000000RAA3IAO,System Configuration,m_syconfig__c,setup,/apex/ListView?recType=syconfig,,Custom57Mru,TRUE,,System Configuration,1,,1,syconfig,,26,Maintenance,FALSE,syconfig__c,,FALSE,FALSE
a0yU0000000RAA4IAO,Customer Agreements,m_ soagh__c,salesordersu,/apex/ListView?recType=soagh,,Custom57Mru,FALSE,a2K,Customer Agreements,1,,16,,,8,Setup,FALSE,soagh__c,,FALSE,FALSE
a0yU0000000RAA5IAO,Packing Slip,m_packingslip__c,salesorder,/apex/listview?recType=sopack,277,Custom57Mru,FALSE,a37,Packing Slip,1,,15,sopack,,13,Processes,FALSE,sopack__c,,FALSE,FALSE
a0yU0000000RAA6IAO,Time & Quantity Booking,m_laborclockinout__c,workorders,/apex/laborclockinout,278,Custom57Mru,FALSE,,Time & Quantity Booking,1,,14,,,6,Processes,FALSE,laborclockinout,,FALSE,FALSE
a0yU0000000RAA7IAO,Time & Quantity Booking Reversals,m_laborqtybookingreversal,workorders,/apex/laborqtybookingreversal,279,Custom57Mru,FALSE,,Time & Quantity Booking Reversals,1,,14,,,24,Processes,FALSE,laborqtybookingreversal,,FALSE,FALSE
a0yU0000000RAA8IAO,Returned Material (RMA),m_sormh__c,salesorder,/apex/listview?recType=sormh,280,Custom57Mru,FALSE,a55,Returned Material (RMA),1,,15,sormh,,11,Processes,FALSE,sormh__c,,FALSE,FALSE
a0yU0000000RAAAIA4,Page Help Setup,m_syconfig__c,setup,/apex/listview?recType=helpsetup,,Custom57Mru,TRUE,,Page Help Setup,1,,1,syconfig,,27,Maintenance,FALSE,helpsetup__c,,FALSE,FALSE
a0yU0000000RAABIA4,WO Operations WIP,m_wooperationswip__c,workorders,/apex/listview?recType=wopwip,244,Custom57Mru,FALSE,a4d,WO Operations WIP,1,,14,wopwip,,8,WO Details,FALSE,wopwip__c,,FALSE,FALSE
a0yU0000000RAACIA4,Cost Acct User Control Record,m_costacctusercontrolrecord__c,setup,/apex/listview?recType=csusracctcntl,247,Custom57Mru,FALSE,a0E,Cost Acct User Control Record,1,,1,csusracctcntl,,25,Maintenance,FALSE,csusracctcntl__c,,FALSE,FALSE
a0yU0000000RAADIA4,forcastingrequirement,m_mrprequirements__c,forecastmrp,/apex/listview?recType=icixr,249,Custom57Mru,TRUE,,MRP Requirements,1,,5,icixr,,6,MRP,FALSE,icixr__c,,FALSE,FALSE
a0yU0000000RAAEIA4,Cost Accounting Control Record,m_costaccountingcontrolrecord__c,setup,/apex/listview?recType=csacctcntl,246,Custom57Mru,FALSE,a0C,Cost Accounting Control Record,1,,1,csacctcntl,,24,Maintenance,FALSE,csacctcntl__c,,FALSE,FALSE
a0yU0000000RAAFIA4,WO Operation Actual,m_wooperationactual__c,workorders,/apex/listview?recType=woordopact,248,Custom57Mru,FALSE,a4W,WO Operation Actual,1,,14,woordopact,,5,WO Details,FALSE,woordopact__c,,FALSE,FALSE
a0yU0000000RAAGIA4,Cost Transaction Query,m_costtransactionquery__c,inventorytrans,/apex/Csttransqry,252,Custom57Mru,FALSE,,Cost Transaction Query,1,,9,,,7,Transactions,FALSE,csttransqry,,FALSE,FALSE
a0yU0000000RAAIIA4,Authorizers,m_authorizers__c,setup,/apex/listview?recType=syauth,255,Custom57Mru,FALSE,a3i,Authorizers,1,,1,syauth,,8,Maintenance,FALSE,syauth__c,,FALSE,FALSE
a0yU0000000RAAKIA4,Cycle Count Report,m_cyclecountreport__c,inventorymgmt,/apex/CycleCountReport,,Custom57Mru,TRUE,,Cycle Count Report,1,,8,,,11,Qty / Costs / Info,FALSE,cyclecountreport,,FALSE,FALSE
a0yU0000000RAALIA4,Organizational Depts,m_organizationaldepts__c,setup,/apex/listview?recType=syorg,185,Custom57Mru,FALSE,a44,Organizational Depts,1,,1,syorg,,9,Maintenance,FALSE,syorg__c,,FALSE,FALSE
a0yU0000000RAAMIA4,UOM Conversion Factors,m_uomconversionfactors__c,setup,/apex/listview?recType=syumcf,186,Custom57Mru,FALSE,a4G,UOM Conversion Factors,1,,1,syumcf,,13,Maintenance,FALSE,syumcf__c,,FALSE,FALSE
a0yU0000000RAANIA4,Inventory Location IDs,m_stocklocidmaster__c,setup,/apex/listview?recType=sylocid,187,Custom57Mru,FALSE,a3y,Inventory Location IDs,1,,1,sylocid,,14,Maintenance,FALSE,sylocid__c,,FALSE,FALSE
a0yU0000000RAAOIA4,Order Number Assign,m_ordernumberassign__c,setup,/apex/listview?recType=syordnumassign,185,Custom57Mru,FALSE,a43,Order Number Assign,1,,1,syordnumassign,,10,Initial Setup,FALSE,syordnumassign__c,,FALSE,FALSE
a0yU0000000RAAPIA4,Reason Codes,m_soreasoncodes__c,salesordersu,/apex/listview?recType=soreason,264,Custom57Mru,FALSE,a3P,Reason Codes,1,,16,soreason,,19,Setup,FALSE,soreason__c,,FALSE,FALSE
a0yU0000000RAAQIA4,Chart of Accounts Import,m_quickbooks__c,quickbooks,/apex/SyqbcoaImport,269,Custom57Mru,FALSE,,Chart of Accounts Import,1,,17,,,1,,FALSE,syqbcoaimport,,FALSE,FALSE
a0yU0000000RAARIA4,Requisition Authorization,m_noninventoryauthorization__c,requisitions,/apex/RequisitionAuth,238,Custom57Mru,TRUE,,Non-Inventory Authorization,1,,11,,,15,,FALSE,requisitionauth,,FALSE,FALSE
a0yU0000000RAAVIA4,PO Authorization,m_purchaseorderauthorization__c,purchasings,/apex/PurchOrdAuth,239,Custom57Mru,FALSE,,PO Authorization,1,,12,,,9,Processes,FALSE,purchordauth,,FALSE,FALSE
a0yU0000000RA7JIAW,Sales Commission,m_salescommission__c,salesorder,/apex/salescommission,,Custom57Mru,FALSE,,Sales Commission,1,,15,,,15,Processes,FALSE,salescommission,,FALSE,FALSE
a0yU0000000RA7KIAW,Warranty Type,m_ sowarrtype__c,salesordersu,/apex/ListView?recType=sowarrtype,,Custom57Mru,FALSE,a50,Warranty Type,1,,16,,,27,Setup,FALSE,sowarrtype__c,,FALSE,FALSE
a0yU0000000RA7LIAW,Shipped Item Warranty,m_ sowarr__c,salesorder,/apex/ListView?recType=sowarr,,Custom57Mru,FALSE,a57,Shipped Item Warranty,1,,15,,,12,Processes,FALSE,sowarr__c,,FALSE,FALSE
a0yU0000000RA7MIAW,BOM Mass Replace,m_engbommassreplace__c,mfgengineering,/apex/PebomReplace,285,Custom57Mru,FALSE,,BOM Mass Replace,1,,4,,,6,,FALSE,pebomreplace,,FALSE,FALSE
a0yU0000000RA7NIAW,Device History Record,m_icdhr__c,inventorymgmt,/apex/ListView?recType=icdhr,,Custom57Mru,FALSE,a5A,Device History Record,1,,8,,,12,,FALSE,icdhr__c,,FALSE,FALSE
a0yU0000000RA7OIAW,Item Serial Manual Link,m_icsrllink__c,inventorymgmt,/apex/ListView?recType=icsrllink,,Custom57Mru,FALSE,a5C,Item Serial Manual Link,1,,8,,,13,,FALSE,icsrllink__c,,FALSE,FALSE
a0yU0000000RA7QIAW,Missing Inv Items for BOM Components,m_missinginvitemsforbomcomponents__c,mfgengineering,,144,,TRUE,,Missing Inv Items for BOM Components,1,,4,,,10,,FALSE,,,FALSE,FALSE
a0yU0000000RA7RIAW,Indented BOM,m_indentedbom__c,mfgengineering,/apex/IndentedBOM2,145,Custom57Mru,FALSE,,Indented BOM,1,,4,,,7,,FALSE,indentedbom2,,FALSE,FALSE
a0yU0000000RA7SIAW,S/L Costed BOM Report,m_slcostedbomreport__c,mfgengineering,/apex/IndentedBOM?issl=true,146,,TRUE,,S/L Costed BOM Report,1,,4,,,11,,FALSE,indentedbom,,FALSE,FALSE
a0yU0000000RA7TIAW,Engineering BOM Copy,m_engbomcopy__c,mfgengineering,/apex/BOMCopy,147,Custom57Mru,FALSE,,Engineering BOM Copy,1,,4,,,5,,FALSE,bomcopy,,FALSE,FALSE
a0yU0000000Rt95IAC,Operation Assignments by Work Center,m_wcoperassignment__c,schcapplng,/apex/WCOperAssignment,,Custom57Mru,FALSE,,Operation Assignments by Work Center,1,,6,,,9,Processes,FALSE,wcoperassignment,,FALSE,FALSE
a0yU0000000Rt96IAC,Operation Assignments by Work Center,m_wcoperassignment__c,schcapplng,/apex/WCOperAssignment,,Custom57Mru,FALSE,,Operation Assignments by Work Center,1,,14,,,25,Processes,FALSE,wcoperassignment,,FALSE,FALSE
a0yU0000000Rt97IAC,User Time Entry,m_usertimeentry__c,workorders,/apex/usertimeentry,,Custom57Mru,FALSE,,User Time Entry,1,,14,,,6,Processes,FALSE,usertimeentry,,FALSE,FALSE
a0yU0000000Rt98IAC,Independent Operations,m_rtindoper__c,shopfloor,/apex/listview?recType=rtindoper,,Custom57Mru,FALSE,a5M,Independent Operations,1,,10,,,4,Processes,FALSE,rtindoper__c,,FALSE,FALSE
a0yU0000000Rt99IAC,Labor Orders,m_labororder__c,workorders,/apex/listview?recType=lwocst,,Custom57Mru,FALSE,a5T,Labor Orders,1,,14,lwocst,,25,Processes,TRUE,lwocst__c,,TRUE,FALSE
a0yU0000001A5EDIA0,System Custom Configuration,m_sycustom__c,salesordersu,/apex/listview?recType=Sycustom,302,Custom57Mru,FALSE,a5l,System Custom Configuration,1,,16,sycustom,,28,Maintenance,FALSE,sycustom__c,1,FALSE,FALSE
a0yU0000000S5bzIAC,System Defaults,m_sydefault__c,setup,/apex/ListView?recType=sydefault,,Custom57Mru,FALSE,a3n,System Defaults,1,,1,,,26,Maintenance,FALSE,sydefault__c,,FALSE,FALSE
a0yU00000047kctIAA,Create Invoice for All Shippers,m_crtshpinvs__c,csg,/apex/InvoiceShippersInDiv,304,Custom57Mru,FALSE,,Create Invoice for All Shippers,1,,310,sydata,,63,,FALSE,invoiceshippersindiv,,FALSE,FALSE
a0yU0000001DJY3IAO,SO Line Amortization Schedules,m_soamort__c,quickbooks,/apex/listview?rectype=soamort,337,Custom57Mru,FALSE,a89,SO Line Amortization Schedules,1,,17,,,8,Maintenance,FALSE,soamort__c,,FALSE,FALSE
a0yU0000001DJY4IAO,SO Line Amortization Processing,m_soamortschedule__c,quickbooks,/apex/salesOrderAmortizationProcess,338,Custom57Mru,FALSE,,SO Line Amortization Processing,1,,17,,,9,Maintenance,FALSE,salesorderamortizationprocess,,FALSE,FALSE
a0yU0000003kgESIAY,SO Fulfillment Pre-Selection,m_sopreselection__c,salesorder,/apex/SOPreSelection,902,Custom57Mru,FALSE,,SO Fulfillment Pre-Selection,1,,15,,,2,,FALSE,sopreselection,,FALSE,FALSE
a0yU0000007eKbzIAE,Purge Cost Transactions,m_purgeCostTransaction__c,inventorymgmt,/apex/PurgeCostTransaction,337,Custom57Mru,FALSE,,Purge Cost Transactions,1,,8,purgecosttransaction,,30,Qty / Costs / Info,FALSE,purgecosttransaction,,FALSE,FALSE
a0yU0000007eKc0IAE,Purge System Transactions,m_purgeSystemTransactions__c,inventorymgmt,/apex/PurgeSystemTransactions,338,Custom57Mru,FALSE,,Purge System Transactions,1,,8,purgesystemtransactions,,33,Qty / Costs / Info,FALSE,purgesystemtransactions,,FALSE,FALSE
a0yU0000003yoXqIAI,General Journal Export,m_generaljournalexport__c,quickbooks,/apex/TransactionExport,300,Custom57Mru,FALSE,,General Journal Export,1,,17,,,7,,FALSE,transactionexport,,FALSE,FALSE
a0yU0000006yt4gIAA,Item Usage Forecast,m_usageforecast__c,forecastmrp,/apex/usageforecast,312,Custom57Mru,FALSE,,Item Usage Forecast,1,,5,usageforecast,,10,Qty / Costs / Info,FALSE,usageforecast,,FALSE,FALSE
a0yU0000006yvpMIAQ,Purchase Requisition,m_poreq__c,requisitions,/apex/listview?rectype=poreq,339,Custom57Mru,FALSE,a8F,Purchase Requisition,1,,11,poreq,,26,,FALSE,poreq__c,,FALSE,FALSE
a0yU0000006yvpNIAQ,Indirect-Service Requisition,m_syreqind__c,requisitions,/apex/listview?rectype=syreqind,165,Custom57Mru,FALSE,a48,Indirect-Service Requisition,1,,11,syreqind,,12,,FALSE,syreqind__c,,FALSE,FALSE
a0yU0000006zMOQIA2,Work Center Group,m_rtwcgroup__c,shopfloor,/apex/listview?rectype=rtwcgroup,340,Custom57Mru,FALSE,a8G,Work Center Group,1,,10,,,11,Maintenance,FALSE,rtwcgroup__c,,FALSE,FALSE
a0yU0000006SyoJIAS,Site to Site Transfer,m_sitetositetransfer__c,inventorytrans,/apex/Stocklocdivsitemove?mode=invsitesite,135,Custom57Mru,FALSE,,Site to Site Transfer,1,,9,,,6,Transactions,FALSE,stocklocdivsitemove_invsitesite,,FALSE,FALSE
a0yU0000006SyqBIAS,CPQ and Contract,ms_cpq__c,,,244,,FALSE,,CPQ and Contract,0,,,,43,43,,FALSE,,,FALSE,FALSE
a0yU0000006SyqCIAS,Contract Terms Template,m_soctt__c,cpq,/apex/listView?recType=soctt,,Custom57Mru,FALSE,a7Z,Contract Terms Template,1,,244,soctt,,9,,FALSE,soctt__c,,FALSE,FALSE
a0yU0000006SyqaIAC,Master Services Agreement,m_msa__c,cpq,/apex/listView?recType=somsa,,Custom57Mru,FALSE,a7b,Master Services Agreement,1,,244,somsa,,1,,FALSE,somsa__c,,FALSE,FALSE
a0yU0000006SyqGIAS,Contract Terms Template,m_soctt__c,cpq,/apex/listView?recType=soctt,,Custom57Mru,FALSE,a7Z,Contract Terms Template,1,,244,soctt,,9,,FALSE,soctt__c,2,FALSE,FALSE
a0yU0000006SyqfIAC,Master Services Agreement,m_msa__c,cpq,/apex/listView?recType=somsa,,Custom57Mru,FALSE,a7b,Master Services Agreement,1,,244,somsa,,1,,FALSE,somsa__c,2,FALSE,FALSE
a0yU0000006Syp2IAC,RS Support Functions,m_rsmenu__c,,,970,,FALSE,,RS Support Functions,0,,,,,,,FALSE,ccrstk,,FALSE,FALSE
a0yU0000006TruBIAS,Site to Site Transfer,m_sitetositetransfer__c,inventorytrans,/apex/Stocklocdivsitemove?mode=invsitesite,135,Custom57Mru,FALSE,,Site to Site Transfer,1,,9,,,6,Transactions,FALSE,stocklocdivsitemove_invsitesite,2,FALSE,FALSE
a0yU0000007qZrAIAU,Sales Invoice Batch,m_soibatch__c,salesorder,/apex/listview?recType=soibatch,977,Custom57Mru,FALSE,a2n,Sales Invoice Batch,1,,15,,,16,Maintenance,FALSE,soibatch__c,,FALSE,FALSE
a0yU0000007qZrFIAU,VAT Class,m_syvatclass__c,setup,/apex/listview?rectype=syvatclass,340,Custom57Mru,FALSE,a8O,VAT Class,1,,1,syvatclass,,31,Maintenance,FALSE,syvatclass__c,,FALSE,FALSE
a0yU0000007qbA4IAI,ICIXR Analysis and Repair,m_supdmdreqanalysisandrepair__c,rs_menu,/apex/supDmdReqAnalysisAndRepair,836,Custom57Mru,FALSE,,ICIXR Analysis and Repair,1,,970,icixr,,36,,FALSE,ccrstk,,FALSE,TRUE
a0yU0000007qfqwIAA,Vendor Class,m_povclass__c,purchasings,/apex/listview?rectype=povclass,341,Custom57Mru,FALSE,a8Q,Vendor Class,1,,12,vendorclass,,3,Maintenance,FALSE,povclass__c,,FALSE,FALSE
a0yU0000007qfr1IAA,Inbound Shipment Route Type,m_ibrtetype__c,inboundlogistics,/apex/listview?rectype=ibrtetype,316,Custom57Mru,FALSE,a82,Inbound Shipment Route Type,1,,13,ibrtetype,,6,,FALSE,ibrtetype__c,,FALSE,FALSE
a0yU0000007qfr2IAA,Inbound Shipment Container Type,m_ibconttype__c,inboundlogistics,/apex/listview?rectype=ibconttype,319,Custom57Mru,FALSE,a7z,Inbound Shipment Route Type,1,,13,ibrtetype,,9,,FALSE,ibconttype__c,,FALSE,FALSE
a0yU0000007qfr3IAA,Inbound Shipment Route,m_ibroute__c,inboundlogistics,/apex/listview?rectype=ibroute,322,Custom57Mru,FALSE,a80,Inbound Shipment Route,1,,13,ibroute,,22,,FALSE,ibroute__c,,FALSE,FALSE
a0yU0000007qfr4IAA,Inbound Shipment,m_ibship__c,inboundlogistics,/apex/listview?rectype=ibship,313,Custom57Mru,FALSE,a83,Inbound Shipment,1,,13,ibship,,3,,FALSE,ibship__c,,FALSE,FALSE
a0yU0000002zjftIAA,SO Picklist Header,m_sopickh__c,salesorder,/apex/listview?recType=sopickh,313,Custom57Mru,FALSE,a3I,SO Picklist Header,1,,15,sopickh,,3,Processes,FALSE,sopickh__c,2,FALSE,FALSE
a0yU0000002zjfyIAA,SO Picklist Header,m_sopickh__c,salesorder,/apex/listview?recType=sopickh,313,Custom57Mru,FALSE,a3I,SO Picklist Header,1,,15,sopickh,,3,Processes,FALSE,sopickh__c,2,FALSE,FALSE
a0yU0000002zjg0IAA,Inventory Reconciliation Review & Processing,m_icinvreconreviewandprocessing__c,icinvreconBatchHeader,/apex/listview?recType=icinvreconb,312,Custom57Mru,FALSE,a88,Inventory Reconciliation Review & Processing,1,,9,icinvreconb__c,,52,,FALSE,icinvreconb__c,1,FALSE,FALSE
a0yU0000002zjg3IAA,SO Picklist Header,m_sopickh__c,salesorder,/apex/listview?recType=sopickh,313,Custom57Mru,FALSE,a3I,SO Picklist Header,1,,15,sopickh,,3,Processes,FALSE,sopickh__c,2,FALSE,FALSE
a0yU0000002zjg4IAA,Inventory Reconciliation,m_icinvrecon__c,icinvrecon,/apex/listview?recType=icinvrecon,312,Custom57Mru,FALSE,a6Q,Inventory Reconciliation,1,,9,icinvrecon,,51,,FALSE,icinvrecon__c,2,FALSE,FALSE
a0yU0000002zjg5IAA,Inventory Reconciliation Review & Processing,m_icinvreconreviewandprocessing__c,icinvreconBatchHeader,/apex/listview?recType=icinvreconb,312,Custom57Mru,FALSE,a88,Inventory Reconciliation Review & Processing,1,,9,icinvreconb__c,,52,,FALSE,icinvreconb__c,2,FALSE,FALSE
a0yU0000002zjfjIAA,SO Picklist Header,m_sopickh__c,salesorder,/apex/listview?recType=sopickh,313,Custom57Mru,FALSE,a3I,SO Picklist Header,1,,15,sopickh,,3,Processes,FALSE,sopickh__c,1,FALSE,FALSE
a0yU0000002zjfkIAA,Inventory Reconciliation,m_icinvrecon__c,icinvrecon,/apex/listview?recType=icinvrecon,312,Custom57Mru,FALSE,a6Q,Inventory Reconciliation,1,,9,icinvrecon,,51,,FALSE,icinvrecon__c,1,FALSE,FALSE
a0yU0000006poDxIAI,Generate Recurring Billing,m_generateRecurringBilling__c,cpq,/apex/GenerateRecurringBillingExecution,,Custom57Mru,FALSE,,Generate Recurring Billing,1,,244,soconpbill,,11,,FALSE,generaterecurringbillingexecution,,FALSE,FALSE
a0yU0000006poDyIAI,Contract Periodic Billing Review,m_soconpbill__c,cpq,/apex/listView?recType=soconpbill,,Custom57Mru,FALSE,a7P,Contract Periodic Billing Review,1,,244,soconpbill,,12,,FALSE,soconpbill__c,,FALSE,FALSE
a0yU0000007qhEmIAI,Shipping Zones,m_shippingzone__c,salesordersu,/apex/listview?rectype=Sozone,976,Custom57Mru,FALSE,a8L,Shipping Zones,1,,16,sozone,,29,Maintenance,FALSE,sozone__c,,FALSE,FALSE
a0yU0000006poE7IAI,Master Services Agreement,m_msa__c,cpq,/apex/listView?recType=somsa,,Custom57Mru,FALSE,a7b,Master Services Agreement,1,,244,somsa,,1,,FALSE,somsa__c,,FALSE,FALSE
a0yU0000006poE8IAI,Customer MSA,m_custmsa__c,cpq,/apex/listView?recType=socustmsa,,Custom57Mru,FALSE,a7a,Customer MSA,1,,244,socustmsa,,2,Maintenance,FALSE,socustmsa__c,,FALSE,FALSE
