"NAME","RSTK__ACTIVITY_ENABLED__C","RSTK__APPROVAL_ENABLED__C","RSTK__APPSECURITYKEY__C","RSTK__HEADER__C","RSTK__HIDEADDLINK__C","RSTK__HREF__C","RSTK__ID__C","RSTK__IMAGECLASS__C","RSTK__INACTIVE__C","RSTK__KEYPREFIX__C","RSTK__LABEL__C","RSTK__LEVEL__C","RSTK__MENUTYPE__C","RSTK__PAGE__C","RSTK__PAGEKEY__C","RSTK__PARENTID__C","RSTK__RECORDTYPE__C","RSTK__SECNSEQUENCE__C","RSTK__SEQUENCE__C","RSTK__SUBSECTION__C"
"ICITEMSITEPROJ","false","false","m_icitemsiteproj__c","rs_menu","true","/apex/listview?rectype=icitemsiteproj","841.0","Custom57Mru","false","","ICITEMSITEPROJ","1.0","","","ccrstk","970.0","icitemsiteproj","","41.0",""
"DRP Log","false","false","m_drplog__c","rs_menu","true","/apex/listview?rectype=drplog","844.0","Custom57Mru","false","","DRP Log","1.0","","","ccrstk","970.0","drplog","","44.0",""
"Obj Page Setup","false","false","m_objpagesetup__c","rs_menu","false","/apex/listview?rectype=objpagesetup","847.0","Custom57Mru","false","","Obj Page Setup","1.0","","","ccrstk","970.0","objpagesetup","","47.0",""
"System Configuration","false","false","m_syconfig__c","rs_menu","true","/apex/listview?rectype=syconfig","850.0","Custom57Mru","false","","System Configuration","1.0","","","ccrstk","970.0","syconfig","","50.0",""
"Site Map-Menu Bar","false","false","m_menu__c","rs_menu","true","/apex/listview?rectype=menu","853.0","Custom57Mru","false","","Site Map-Menu Bar","1.0","","","ccrstk","970.0","menu","","53.0",""
"Payable Batch Header","false","false","m_ttaphdr__c","rs_menu","true","/apex/listview?rectype=ttaphdr","856.0","Custom57Mru","false","","Payable Batch Header","1.0","","","ccrstk","970.0","ttaphdr","","56.0",""
"PO Receipt Txn","false","false","m_porcptap__c","rs_menu","true","/apex/listview?rectype=porcptap","859.0","Custom57Mru","false","","PO Receipt Txn","1.0","","","ccrstk","970.0","porcptap","","59.0",""
"Job Logs","false","false","m_joblog__c","rs_menu","true","/apex/listview?rectype=joblog","862.0","Custom57Mru","false","","Job Logs","1.0","","","ccrstk","970.0","joblog","","62.0",""
"Subcontract Demands","false","false","m_podmd__c","rs_menu","true","/apex/listview?rectype=podmd","865.0","Custom57Mru","false","","Subcontract Demands","1.0","","","ccrstk","970.0","podmd","","65.0",""
"Sylimits","false","false","m_sylimits__c","rs_menu","true","/apex/listview?rectype=sylimits","868.0","Custom57Mru","false","","Sylimits","1.0","","","ccrstk","970.0","sylimits","","68.0",""
"Recurring Billing Batch Review","true","true","m_recservices__c","cpq","false","/apex/listview?recType=soconpbbatch","","Custom57Mru","false","a7g","Recurring Billing Batch Review","1.0","","","soconpbbatch__c","244.0","SOCONPBBATCH","","13.0","Processes"
"Terms Codes","false","false","m_termscode__c","setup","false","/apex/listview?rectype=syterms","172.0","Custom57Mru","false","aAr","Terms Codes","1.0","1.0","","syterms__c","1.0","syterms","","30.0","Maintenance"
"General Journal","false","false","m_generaljournal__c","quickbooks","false","/apex/listView?recType=gljeh","","Custom57Mru","false","a3r","General Journal","1.0","","","gljeh__c","17.0","","","7.0",""
"Payable Invoice Export","false","false","m_quickbooks__c","quickbooks","false","/apex/QBPayableInvoiceExport","","Custom57Mru","false","","Payable Invoice Export","1.0","","","qbpayableinvoiceexport","17.0","","","6.0",""
"Inventory Unit Cost Adjust","false","false","m_inventoryunitcostadjust__c","inventorytrans","false","/apex/Stocklocadj2?type=INVDOLADJ","","Custom57Mru","false","","Inventory Unit Cost Adjust","1.0","","","stocklocadj2_inventoryunitcostadjust","9.0","","","2.0","Transactions"
"Inbound Shipment Route Type","false","false","m_ibrtetype__c","ibshipRoutType","false","/apex/listview?recType=ibrtetype","275.0","Custom57Mru","false","a3z","Inbound Shipment Route Type","1.0","","","ibrtetype__c","12.0","ibrtetype","","20.0","Maintenance"
"Inbound Shipment Container Type","false","false","m_ibconttype__c","ibshipContType","false","/apex/listview?recType=ibconttype","276.0","Custom57Mru","false","a3w","Inbound Shipment Container Type","1.0","","","ibconttype__c","12.0","ibconttype","","21.0","Maintenance"
"Inbound Shipment Route","false","false","m_ibroute__c","ibshipRoute","false","/apex/listview?recType=ibroute","277.0","Custom57Mru","false","a3x","Inbound Shipment Route","1.0","","","ibroute__c","12.0","ibroute","","22.0","Maintenance"
"Inbound Shipment","false","false","m_ibship__c","ibship","false","/apex/listview?recType=ibship","278.0","Custom57Mru","false","a40","Inbound Shipment","1.0","","","ibship__c","12.0","ibship","","23.0","Maintenance"
"Sales Contract Device Deal Management","false","false","m_salesContractDevDealMgmt__c","cpq","false","/apex/SalesContractDevDealMgmt","","Custom57Mru","false","","Sales Contract Device Deal Management","1.0","","","salescontractdevdealmgmt","244.0","","","14.0","Processes"
"Sales Contract Device Transfer","false","false","m_salesContractDevTransfer__c","cpq","false","/apex/SalesContractDevTransfer","","Custom57Mru","false","","Sales Contract Device Transfer","1.0","","","salescontractdevtransfer","244.0","","","15.0","Processes"
"Shortage Report","false","false","m_icshrtlist__c","inventorymgmt","false","/apex/icshrtlist","","Custom57Mru","false","","Shortage Report","1.0","","","icshrtlist","8.0","","","14.0",""
"Consolidated Work Order Picklist","false","false","m_consolidatedWorkOrderPicklist__c","consolidatedWorkOrderPicklist","false","/apex/WorkOrders","299.0","Custom57Mru","false","","Consolidated Work Order Picklist","1.0","","","workorders","14.0","","","26.0",""
"Consolidated Work Order Picklist","false","false","m_consolidatedWorkOrderPicklist__c","consolidatedWorkOrderPicklist","false","/apex/WorkOrders","299.0","Custom57Mru","false","","Consolidated Work Order Picklist","1.0","2.0","","workorders","14.0","","","26.0",""
"Print Template Mapping","false","false","m_printtemplatemapping__c","setup","false","/apex/listview?recType=PrintTemplateMapping","303.0","Custom57Mru","false","a0f","Print Template Mapping","1.0","","","printtemplatemapping__c","1.0","printtemplatemapping","","29.0",""
"Requisition Approval","false","false","m_noninventoryreqapproval__c","requisitions","false","/apex/RequisitionApproval","236.0","Custom57Mru","true","","Non-Inventory Req Approval","1.0","","","requisitionapproval","11.0","","","13.0",""
"Manufacturing Machine Master","false","false","m_mfgmachinemaster__c","shopfloor","false","/apex/listview?recType=rtmach","207.0","Custom57Mru","false","a6q","Mfg Machine Master","1.0","","","rtmach__c","10.0","rtmach","","6.0",""
"Derive Purch Mtl Costs From PO Activity","false","false","m_derivepurchmtlcostsfrompoactivity__c","stdcosts","false","/apex/stdsetcosts?mode=posetmtlcost","208.0","Custom57Mru","false","","Derive Purch Mtl Costs from PO Activity","1.0","","","stdsetcosts_posetmtlcost","18.0","","","2.0",""
"Set Sim Purch Price From PO Derived Costs","false","false","m_setsimpurchpricefrompoderivedcost__c","stdcosts","false","/apex/stdsetcosts?mode=icsetmtlsimcost","209.0","Custom57Mru","false","","Set Sim Purch Price From PO Derived Cost","1.0","","","stdsetcosts_icsetmtlsimcost","18.0","","","3.0",""
"Generate/Apply Simulated Rollup Costs","false","false","m_generateapplysimulatedrollupcosts__c","stdcosts","false","/apex/stdsetcosts?mode=costrollup","210.0","Custom57Mru","false","","Generate/Apply Simulated Rollup Costs","1.0","","","stdsetcosts_costrollup","18.0","","","4.0",""
"Sales Invoice Export","false","false","m_quickbooks__c","quickbooks","false","/apex/QBSOInvoiceExport","271.0","Custom57Mru","false","","Sales Invoice Export","1.0","","","qbsoinvoiceexport","17.0","","","4.0",""
"SO Invoice","false","false","m_salesorderinvoice__c","salesorder","false","/apex/listview?recType=soinv","","Custom57Mru","false","a8S","SO Invoice","1.0","","","soinv__c","15.0","soinv","20.0","8.0","Processes"
"Financials","false","false","ms_quickbooks__c","","false","","17.0","","false","","Financials","0.0","","","","","","16.0","17.0",""
"Cost Transaction Export","false","false","m_quickbooks__c","quickbooks","false","/apex/QBSytxncstExport","270.0","Custom57Mru","false","","Cost Transaction Export","1.0","","","qbsytxncstexport","17.0","","","3.0",""
"Shipping Containers","false","false","m_container__c","salesorder","false","/apex/listview?recType=socontainer","268.0","Custom57Mru","false","a7x","Shipping Containers","1.0","","","socontainer__c","15.0","socontainer","","7.0","Processes"
"Verify Cost Transaction Export","false","false","m_quickbooks__c","quickbooks","false","/apex/QBExportVerify","273.0","Custom57Mru","false","","Verify Cost Transaction Export","1.0","","","qbexportverify","17.0","","","2.0",""
"Item Usage History","false","false","m_itemusagehistory__c","inventorymgmt","false","/apex/listview?recType=icitmusag","133.0","Custom57Mru","false","a4W","Item Usage History","1.0","","","icitmusag__c","9.0","icitmusag","","17.0","Qty / Costs / Info"
"Cost Accounting","false","false","ms_costaccounting__c","","false","","3.0","","true","","Cost Accounting","0.0","","","","","","15.0","3.0",""
"Inventory Transactions","false","false","ms_inventorytransactions__c","","false","","9.0","","false","","Inventory Transactions","0.0","","","","","","6.0","9.0",""
"Shop Floor","false","false","ms_shopfloor__c","","false","","10.0","","false","","Shop Floor","0.0","","","","","","2.0","10.0",""
"Customer Class Product Discount","false","false","m_custclassproddisc__c","salesordersu","false","/apex/listview?recType=soccpd","","Custom57Mru","false","a7T","Customer Class Product Discount","1.0","","","soccpd__c","16.0","","","11.0","Setup"
"Credit Release","false","false","m_socreditrelease__c","salesorder","false","/apex/socreditrelease","","Custom57Mru","false","","Credit Release","1.0","","","socreditrelease","15.0","","","9.0","Processes"
"Sales Order Line","false","false","m_soline__c","salesorder","false","/apex/listview?recType=soline","181.0","Custom57Mru","true","a8c","SO Line","1.0","","","soline__c","15.0","soline","","2.0","Processes"
"FIFO Cost Record","false","false","m_fifocostrecord__c","inventorymgmt","false","/apex/listview?recType=icitemfifoseq","127.0","Custom57Mru","false","a4K","FIFO Cost Record","1.0","","","icitemfifoseq__c","8.0","icitemfifoseq","","10.0","Qty / Costs / Info"
"Price Books","false","false","m_sopricebook__c","salesordersu","false","/apex/listview?recType=sopbk","","Custom57Mru","false","a91","Price Books","1.0","","","sopbk__c","16.0","","","10.0","Setup"
"Sales Region","false","false","m_salesregion__c","salesordersu","false","/apex/listview?recType=soregion","","Custom57Mru","false","a9P","Sales Region","1.0","","","soregion__c","16.0","","","21.0","Setup"
"WO Operation Qty Reversal","false","false","m_wooperationqtyreversal__c","disassembly","false","","106.0","","false","","WO Operation Qty Reversal","1.0","","","","","","","6.0","Reversal"
"WO Close","false","false","m_woclose__c","workorders","false","","107.0","Custom57Mru","true","","WO Close","1.0","","","","14.0","","","7.0","Maintenance"
"WO Close Reversal","false","false","m_woclosereversal__c","disassembly","false","","108.0","","false","","WO Close Reversal","1.0","","","","","","","8.0","Reversal"
"WO Labor Booking","false","false","m_wolaborbooking__c","disassembly","false","","109.0","","false","","WO Labor Booking","1.0","","","","","","","9.0","Booking"
"WO Labor Reversal","false","false","m_wolaborreversal__c","disassembly","false","","110.0","","false","","WO Labor Reversal","1.0","","","","","","","10.0","Reversal"
"MRP Launch","false","false","m_mrplaunch__c","forecastmrp","false","/apex/Mrp","111.0","Custom57Mru","false","","MRP Launch","1.0","","","mrp","5.0","","","2.0",""
"Forecast Demand","false","false","m_forecastdemand__c","forecastmrp","false","/apex/listview?recType=icfcstdmd","112.0","Custom57Mru","false","a4E","Forecast Demand","1.0","","","icfcstdmd__c","5.0","icfcstdmd","","1.0",""
"Mass Firm","false","false","m_massfirm__c","forecastmrp","false","","113.0","","true","","Mass Firm","1.0","","","","5.0","","","3.0","Import / Reports"
"Summary Review by Item","false","false","m_mpsreviewbyitem__c","forecastmrp","false","/apex/SupDmdRev?supdmdmode=horizontal","114.0","Custom57Mru","false","","Summary Review by Item","1.0","","","supdmdrev_summbyitem","5.0","","","4.0",""
"Detailed Review by Item","false","false","m_detailedmrpbyitem__c","forecastmrp","false","/apex/SupDmdRev","115.0","Custom57Mru","false","","Detailed Review by Item","1.0","","","supdmdrev_detailbyitem","5.0","","","5.0",""
"Fax Templates","false","false","m_faxtemplates__c","forecastmrp","false","","116.0","","true","","Fax Templates","1.0","","","","5.0","","","6.0","Import / Reports"
"Forecast Import","false","false","m_forecastimport__c","forecastmrp","false","","117.0","","true","","Forecast Import","1.0","","","","5.0","","","7.0","Import / Reports"
"MRP Action Msg Search","false","false","m_mrpactionmsgsearch__c","forecastmrp","false","/apex/icmrprsch","118.0","Custom57Mru","false","","MRP Action Msg Search","1.0","","","icmrprsch","5.0","","","9.0",""
"MRP Data Sync","false","false","m_mrpdatasync__c","forecastmrp","false","","119.0","","true","","MRP Data Sync","1.0","","","","5.0","","","8.0","MRP"
"Inventory Item Accounts","false","false","m_inventoryitemaccounts__c","inventorymgmt","false","/apex/listview?recType=icitemacc","120.0","Custom57Mru","false","a4I","Inventory Item Accounts","1.0","","","icitemacc__c","8.0","icitemacc","","3.0","Qty / Costs / Info"
"Inventory Item Std Costs","false","false","m_inventoryitemstdcosts__c","inventorymgmt","false","/apex/listview?recType=icitemstd","121.0","Custom57Mru","false","a4U","Inventory Item Std Costs","1.0","","","icitemstd__c","8.0","icitemstd","","2.0","Qty / Costs / Info"
"CSITEM","false","false","m_resetsimulatedtostandarddate__c","stdcosts","false","/apex/listview?recType=csitem","217.0","","true","a3W","CSITEM","1.0","","","csitem__c","20.0","","","11.0",""
"Disassembly Consumable Components","false","false","m_pedisadd__c","workorders","false","/apex/listview?recType=pedisadd","287.0","Custom57Mru","false","a5S","Disassembly Consumable Components","1.0","","","pedisadd__c","14.0","pedisadd","","15.0","WO Details"
"Labor Pay Type","false","false","m_tapaytype__c","shopfloor","false","/apex/ListView?recType=tapaytype","","Custom57Mru","false","aB3","Labor Pay Type","1.0","","","tapaytype__c","10.0","","","10.0",""
"Inv Item Std Costs Report","false","false","m_invitemstdcostsreport__c","inventorymgmt","false","","122.0","","true","","Inv Item Std Costs Report","1.0","","","","8.0","","","21.0","Qty / Costs / Info"
"Inventory By Location","false","false","m_itembystockloc__c","inventorymgmt","false","/apex/listview?recType=iclocitem","123.0","Custom57Mru","false","a4b","Inventory By Location","1.0","","","iclocitem__c","8.0","iclocitem","","6.0","Qty / Costs / Info"
"Inventory By Lot Number","false","false","m_itembylotnumber__c","inventorymgmt","false","/apex/listview?recType=icitemlot","124.0","Custom57Mru","false","a4L","Inventory By Lot Number","1.0","","","icitemlot__c","8.0","icitemlot","","7.0","Qty / Costs / Info"
"Bill Of Lading","false","false","m_BOL__c","salesorder","false","/apex/listview?recType=sobol","276.0","Custom57Mru","false","a7G","Bill Of Lading","1.0","","","sobol__c","15.0","sobol","","14.0","Processes"
"Inventory By Serial Number","false","false","m_itembyserialnumber__c","inventorymgmt","false","/apex/listview?recType=icitemsrl","125.0","Custom57Mru","false","a4Q","Inventory By Serial Number","1.0","","","icitemsrl__c","8.0","icitemsrl","","8.0","Qty / Costs / Info"
"Inventory Cost Transactions","false","false","m_inventorycosttransactions__c","inventorymgmt","false","/apex/listview?recType=sytxncst","126.0","Custom57Mru","false","aAu","Inventory Cost Transactions","1.0","","","sytxncst__c","8.0","sytxncst","","9.0","Qty / Costs / Info"
"Inventory Item Average Cost / Quantity","false","false","m_invitemaveragecostqty__c","inventorymgmt","false","/apex/listview?recType=icitemcst","127.0","Custom57Mru","false","a4J","Inventory Item Average Cost / Quantity","1.0","","","icitemcst__c","8.0","icitemcst","","10.0","Qty / Costs / Info"
"ABC Analysis","false","false","m_abcanalysis__c","abcanalysis","false","","128.0","","true","","ABC Analysis","1.0","","","","7.0","","","11.0",""
"Stock Location Import","false","false","m_stocklocationimport__c","inventorymgmt","false","","129.0","","true","","Stock Location Import","1.0","","","","8.0","","","22.0","Qty / Costs / Info"
"Inventory Item Master","false","false","m_inventoryitemmaster__c","inventorymgmt","false","/apex/listview?recType=icitem","130.0","Custom57Mru","false","a4H","Inventory Item Master","1.0","","","icitem__c","8.0","icitem","","1.0","Qty / Costs / Info"
"Inventory By Item/Project","false","false","m_itembyproject__c","inventorymgmt","false","/apex/listview?recType=icitemproj","131.0","Custom57Mru","false","a4M","Inventory By Item/Project","1.0","","","icitemproj__c","8.0","icitemproj","","7.0","Qty / Costs / Info"
"Item Usage History","false","false","m_itemusagehistory__c","abcanalysis","false","/apex/listview?recType=icitmusag","132.0","Custom57Mru","false","a4W","Item Usage History","1.0","","","icitmusag__c","7.0","icitmusag","","17.0",""
"Inventory Location Move","false","false","m_stocklocationmove__c","inventorytrans","false","/apex/Stocklocmove","134.0","Custom57Mru","false","","Inventory Location Move","1.0","","","stocklocmove","9.0","","","17.0","Transactions"
"Division to Division Transfer","false","false","m_divisiontodivisiontransfer__c","inventorytrans","false","/apex/Stocklocdivsitemove","135.0","Custom57Mru","false","","Division to Division Transfer","1.0","","","stocklocdivsitemove","9.0","","","5.0","Transactions"
"Misc Adjust","false","false","m_miscadjust__c","inventorytrans","false","/apex/Stocklocadj?type=MISCADJ","137.0","Custom57Mru","true","","Misc Adjust","1.0","","","stocklocadj","9.0","","","4.0","Transactions"
"Inventory Location Add","false","false","m_stocklocationadd__c","inventorytrans","false","/apex/Stocklocadd?type=LOCADD","138.0","Custom57Mru","false","","Inventory Location Add","1.0","","","stocklocadd","9.0","","","3.0","Transactions"
"Inventory Project Move","false","false","m_projecttoprojectmove__c","inventorytrans","false","/apex/Stocklocprojmove","139.0","Custom57Mru","false","","Inventory Project Move","1.0","","","stocklocprojmove","9.0","","","21.0","Transactions"
"Inventory Location Scrap","false","false","m_inventoryscrap__c","inventorytrans","false","/apex/Stocklocadj?type=INVLOCSCRP","140.0","Custom57Mru","true","","Inventory Location Scrap","1.0","","","stocklocadj","9.0","","","2.0","Transactions"
"Inventory Location Adjust","false","false","m_inventoryadjust__c","inventorytrans","false","/apex/Stocklocadj2?type=INVADJ","141.0","Custom57Mru","false","","Inventory Location Adjust","1.0","","","stocklocadj2","9.0","","","1.0","Transactions"
"Cycle Count","false","false","m_cyclecount__c","abcanalysis","false","/apex/Stocklocadj?type=CYCCOUNT","142.0","","true","","Cycle Count","1.0","","","stocklocadj","7.0","","","5.0",""
"Customers","false","false","m_customers__c","salesordersu","false","/apex/listview?recType=socust","177.0","Custom57Mru","false","a8C","Customers","1.0","","","socust__c","16.0","socust","","2.0","Setup"
"FOB Codes","false","false","m_fobcodes__c","salesordersu","false","/apex/listview?recType=syfob","178.0","Custom57Mru","false","aAP","FOB Codes","1.0","","","syfob__c","16.0","syfob","","17.0","Setup"
"SO Control","false","false","m_salesordercontrol__c","salesordersu","false","/apex/listview?recType=socntl","179.0","Custom57Mru","false","a7X","SO Control","1.0","","","socntl__c","16.0","socntl","","1.0","Setup"
"Freight Terms","false","false","m_freighttermcodes__c","salesordersu","false","/apex/listview?recType=syfrghtrm","180.0","Custom57Mru","false","aAQ","Freight Terms","1.0","","","syfrghtrm__c","16.0","syfrghtrm","","18.0","Setup"
"Sales Order Entry","true","true","m_soentry__c","salesorder","false","/apex/listview?recType=sohdr","181.0","Custom57Mru","false","a8O","SO Entry","1.0","","","sohdr__c","15.0","sohdr","","1.0","Processes"
"SO Shipment","false","false","m_soshipment__c","salesorder","false","/apex/SOShip","182.0","Custom57Mru","true","","SO Shipment","1.0","","","soship","15.0","","","2.0","Processes"
"Work Center Capacity Planning","false","false","m_wccapacityplanning__c","schcapplng","false","/apex/Wccptypln","183.0","Custom57Mru","false","","Capacity Planning","1.0","","","wccptypln","6.0","","","2.0",""
"WO Scheduling","false","false","m_woscheduling__c","schcapplng","false","/apex/Woscheduling","184.0","Custom57Mru","false","","WO Scheduling","1.0","","","woscheduling","6.0","","","1.0",""
"PO AP Match","false","false","m_poapmatch__c","purchasings","false","/apex/POAPMatch","","Custom57Mru","false","","PO-AP Match","1.0","","","poapmatch","12.0","","","10.0","Processes"
"Standard Costs","false","false","ms_standardcosts__c","","false","","18.0","","false","","Standard Costs","0.0","","","","","","15.0","18.0",""
"System Setup","false","false","ms_systemsetup__c","","false","","1.0","","false","","System Setup","0.0","","","","","","25.0","1.0",""
"Inventory Management","false","false","ms_inventorymanagement__c","","false","","8.0","","false","","Inventory Management","0.0","","","","","","7.0","8.0",""
"Customer Class Product Group Discounts","false","false","m_custclassprodgrpdisc__c","salesordersu","false","/apex/listview?recType=soccccd","","Custom57Mru","false","a7O","Customer Class Product Group Discounts","1.0","","","soccccd__c","16.0","soccccd","","13.0","Setup"
"Container Type","false","false","m_containertype__c","salesordersu","false","/apex/listview?recType=socontype","267.0","Custom57Mru","false","a86","Container Type","1.0","","","socontype__c","16.0","socontype","","16.0","Setup"
"Customer Product Group Discounts","false","false","m_custprodgrpdiscounts__c","salesordersu","false","/apex/listview?recType=socccd","","Custom57Mru","false","a7Q","Customer Product Group Discounts","1.0","","","socccd__c","16.0","socccd","","12.0","Setup"
"Component Price Maint","false","false","m_componentpricemaint__c","salesordersu","false","/apex/listview?recType=socompp","","Custom57Mru","false","a7Z","Component Price Maint","1.0","","","socompp__c","16.0","socompp","","9.0","Setup"
"Service Items","false","false","m_serviceitemmaster__c","salesordersu","false","/apex/listview?recType=soservice","","Custom57Mru","false","a9c","Service Items","1.0","","","soservice__c","16.0","soservice","","6.0","Setup"
"State / Province","false","false","m_stateprovince__c","setup","false","/apex/listview?recType=systate","261.0","Custom57Mru","false","aAp","State / Province","1.0","","","systate__c","1.0","systate","","22.0","Maintenance"
"Set Std Costs from Simulated","false","false","m_setstandardcostsfromsimulated__c","stdcosts","false","/apex/stdsetcosts?mode=cssimstdmove","211.0","Custom57Mru","false","","Set Standard Costs from Simulated","1.0","","","stdsetcosts_cssimstdmove","18.0","","","5.0",""
"Item Std Cost Maint","false","false","m_itemstdcostmaint__c","stdcosts","false","/apex/listview?recType=icitemstd","212.0","","true","a4U","Item Std Cost Maint","1.0","","","icitemstd__c","20.0","","","6.0",""
"Costed BOM Report","false","false","m_costedbomreport__c","stdcosts","false","/apex/IndentedBOM2?iscosted=true","213.0","Custom57Mru","false","","Costed BOM Report","1.0","","","indentedbom2","18.0","","","7.0",""
"Copy Sim Costs to Std","false","false","m_copysimcoststostd__c","stdcosts","false","/apex/stdsetcosts?mode=cssimstdmove","214.0","","true","","Copy Sim Costs to Std","1.0","","","stdsetcosts","20.0","","","8.0",""
"PO Item Cost Cur Avg Cost to Hist","false","false","m_poitemcostcuravgcosttohist__c","stdcosts","false","","215.0","","true","","PO Item Cost Cur Avg Cost to Hist","1.0","","","","20.0","","","9.0",""
"Reset Simulated to Standard Date","false","false","m_resetsimulatedtostandarddate__c","stdcosts","false","","216.0","","true","","Reset Simulated to Standard Date","1.0","","","","20.0","","","10.0",""
"Products","false","false","m_productmaster__c","salesordersu","false","/apex/listview?recType=soprod","176.0","Custom57Mru","false","a9I","Products","1.0","","","soprod__c","16.0","soprod","","4.0","Setup"
"Vendor Master","false","false","m_vendormaster__c","purchasings","false","/apex/listview?recType=povend","160.0","Custom57Mru","false","a6a","Vendor Master","1.0","","","povend__c","12.0","povend","","2.0","Maintenance"
"Purchase Item Master","false","false","m_poitemmaster__c","purchasings","false","/apex/listview?recType=poitem","161.0","Custom57Mru","false","a66","PO Item Master","1.0","","","poitem__c","12.0","poitem","","1.0","Maintenance"
"PO Commodity Code","false","false","m_pocommoditycode__c","purchasings","false","/apex/listview?recType=pocomcod","162.0","Custom57Mru","false","a5p","PO Commodity Code","1.0","","","pocomcod__c","12.0","pocomcod","","12.0","Maintenance"
"Inventory Requisitions","false","false","m_inventoryrequisitions__c","requisitions","false","/apex/listview?recType=icreq","163.0","Custom57Mru","false","a4j","Inventory Requisitions","1.0","","","icreq__c","11.0","icreq","","3.0",""
"Purchase Order Entry","false","false","m_poentry__c","purchasings","false","/apex/listview?recType=pohdr","164.0","Custom57Mru","false","a61","PO Entry","1.0","","","pohdr__c","12.0","pohdr","","4.0","Processes"
"Work Orders","false","false","m_woworkbench__c","workorders","false","/apex/listview?recType=wocst","217.0","Custom57Mru","false","aBA","Work Orders","1.0","","","wocst__c","14.0","wocst","","1.0","Processes"
"Mass Firm Work Orders","false","false","m_massfirmworkorders__c","workorders","false","/apex/wocstfirm","218.0","Custom57Mru","false","","Mass Firm Work Orders","1.0","","","wocstfirm","14.0","","","2.0","Processes"
"Work Order Components","false","false","m_wocomponents__c","workorders","false","/apex/listview?recType=woorddmd","219.0","Custom57Mru","false","aBF","WO Components","1.0","","","woorddmd__c","14.0","woorddmd","","15.0","WO Details"
"Work Order Traveler","false","false","m_wotraveler__c","workorders","false","/apex/WOTraveler","220.0","Custom57Mru","false","","WO Traveler","1.0","","","wotraveler","14.0","","","4.0","Processes"
"Work Order Picklist","false","false","m_wopicklist__c","workorders","false","/apex/WOPickList","221.0","Custom57Mru","false","","WO Pick List","1.0","","","wopicklist","14.0","","","5.0","Processes"
"Work Order Issue Reversals","false","false","m_woissuereversal__c","workorders","false","/apex/Woissuer","222.0","Custom57Mru","false","","WO Issue Reversal","1.0","","","woissuer","14.0","","","22.0","Reversals"
"Work Order Serial","false","false","m_woserial__c","workorders","false","/apex/listview?recType=woordsrl","223.0","Custom57Mru","false","aBK","WO Serial","1.0","","","woordsrl__c","14.0","woordsrl","","7.0","Processes"
"Work Center Dispatch List","false","false","m_workcenterdispatchlist__c","schcapplng","false","/apex/Wctrdsptch","224.0","Custom57Mru","false","","WC Dispatch List","1.0","","","wctrdsptch","6.0","","","8.0",""
"Work Order Operations","false","false","m_wooperations__c","workorders","false","/apex/listview?recType=woordop","225.0","Custom57Mru","false","aBH","WO Operations","1.0","","","woordop__c","14.0","woordop","","9.0","WO Details"
"WO Operation Qty Booking","false","false","m_wooperationqtybooking__c","workorders","false","/apex/Opqtybook","226.0","Custom57Mru","true","","WO Operation Qty Booking","1.0","","","opqtybook","14.0","","","10.0","Processes"
"WO Operation Qty Booking","false","false","m_wooperationqtyreversal__c","workorders","false","","227.0","Custom57Mru","true","","WO Operation Qty Reversal","1.0","","","","14.0","","","11.0","Reversals"
"WO Close Reversal","false","false","m_woclosereversal__c","workorders","false","","229.0","Custom57Mru","true","","WO Close Reversal","1.0","","","","14.0","","","13.0","Reversals"
"Work Order Receipt","false","false","m_woreceipt__c","workorders","false","/apex/Woreceipt","230.0","Custom57Mru","false","","WO Receipt","1.0","","","woreceipt","14.0","","","8.0","Processes"
"Work Order Issue","false","false","m_woissue__c","workorders","false","/apex/Woissue","231.0","Custom57Mru","false","","WO Issue","1.0","","","woissue","14.0","","","5.0","Processes"
"Labor & Machine Booking","false","false","m_wolabormachinebooking__c","workorders","false","/apex/Labmachbook","232.0","Custom57Mru","true","","Labor & Machine Booking","1.0","","","labmachbook","14.0","","","6.0","Processes"
"WO Labor Reversal","false","false","m_wolaborreversal__c","workorders","false","","233.0","Custom57Mru","true","","WO Labor Reversal","1.0","","","","14.0","","","17.0","Reversals"
"WO Receipt Reversal","false","false","m_woreceiptreversal__c","workorders","false","/apex/Woreceiptr","234.0","Custom57Mru","false","","WO Receipt Reversal","1.0","","","woreceiptr","14.0","","","23.0","Reversals"
"Work Orders","false","false","m_woworkbench__c","disassembly","false","","101.0","","false","","Work Orders","1.0","","","","","","","1.0","Maintenance"
"Disassembly Comp Disposition","false","false","m_disassemblycompdisposition__c","disassembly","false","","102.0","","false","","Disassembly Comp Disposition","1.0","","","","","","","2.0","Maintenance"
"Disassembly Req Maint","false","false","m_disassemblyreqmaint__c","disassembly","false","","103.0","","false","","Disassembly Req Maint","1.0","","","","","","","3.0","Maintenance"
"Shop Calendar","false","false","m_shopcalendar__c","setup","false","/apex/listview?recType=shopcal","196.0","Custom57Mru","false","a71","Shop Calendar","1.0","","","shopcal__c","1.0","","","18.0","Initial Setup"
"Scrap Reason Codes","false","false","m_scrapreasoncodes__c","setup","false","/apex/listview?recType=syscrap","197.0","Custom57Mru","false","aAm","Scrap Reason Codes","1.0","","","syscrap__c","1.0","syscrap","","19.0","Maintenance"
"Installation Record","false","false","m_installation__c","setup","false","/apex/listview?recType=syinstall","198.0","Custom57Mru","true","aAU","Installation","1.0","","","syinstall__c","1.0","syinstall","","1.0","Initial Setup"
"Company Master","false","false","m_companymaster__c","setup","false","/apex/listview?recType=sycmp","199.0","Custom57Mru","false","aAB","Company Master","1.0","","","sycmp__c","1.0","sycmp","","2.0","Initial Setup"
"Division Master","false","false","m_divisionmaster__c","setup","false","/apex/listview?recType=sydiv","200.0","Custom57Mru","false","aAN","Division Master","1.0","","","sydiv__c","1.0","sydiv","","3.0","Initial Setup"
"Employees","false","false","m_employees__c","setup","false","/005","201.0","Custom57Mru","false","","Employees","1.0","","","sf_user","1.0","","","4.0","Initial Setup"
"Manufacturing Labor Grades","false","false","m_mfglaborgrades__c","shopfloor","false","/apex/listview?recType=rtlabgrd","202.0","Custom57Mru","false","a6p","Mfg Labor Grades","1.0","","","rtlabgrd__c","10.0","rtlabgrd","","5.0",""
"Manufacturing Departments","false","false","m_mfgdepartments__c","shopfloor","false","/apex/listview?recType=rtdept","203.0","Custom57Mru","false","a6l","Mfg Departments","1.0","","","rtdept__c","10.0","rtdept","","2.0",""
"Manufacturing Work Centers","false","false","m_mfgworkcenters__c","shopfloor","false","/apex/listview?recType=rtwctr","204.0","Custom57Mru","false","a6z","Mfg Work Centers","1.0","","","rtwctr__c","10.0","rtwctr","","4.0",""
"Manufacturing Processes","false","false","m_mfgprocesses__c","shopfloor","false","/apex/listview?recType=rtproc","205.0","Custom57Mru","false","a6s","Mfg Processes","1.0","","","rtproc__c","10.0","rtproc","","4.0",""
"Routing Master","false","false","m_routingmaster__c","shopfloor","false","/apex/listview?recType=rtrouthdr","206.0","Custom57Mru","false","a6t","Routing Master","1.0","","","rtrouthdr__c","10.0","rtrouthdr","","1.0",""
"Purchase Order Agreement","false","false","m_poagreement__c","purchasings","false","/apex/listview?recType=poagrhdr","240.0","Custom57Mru","true","a5h","PO Agreement","1.0","","","poagrhdr__c","12.0","poagrhdr","","13.0","Maintenance"
"WO Operation Cost","false","false","m_wooperationcost__c","workorders","false","/apex/listview?recType=wopcst","245.0","Custom57Mru","false","aBM","WO Operation Cost","1.0","","","wopcst__c","14.0","wopcst","","21.0","WO Details"
"WO Operation Location","false","false","m_wooperationlocation__c","workorders","false","/apex/listview?recType=woploc","242.0","Custom57Mru","false","aBN","WO Operation Location","1.0","","","woploc__c","14.0","woploc","","20.0","WO Details"
"WO Operation Schedule","false","false","m_wooperationschedule__c","workorders","false","/apex/listview?recType=wopsch","241.0","Custom57Mru","false","aBO","WO Operation Schedule","1.0","","","wopsch__c","14.0","wopsch","","19.0","Processes"
"WO Component Details","false","false","m_wocomponentdetails__c","workorders","false","/apex/listview?recType=woorddmdcst","243.0","Custom57Mru","false","aBG","WO Component Details","1.0","","","woorddmdcst__c","14.0","woorddmdcst","","18.0","WO Details"
"Requisitions","false","false","ms_requisitions__c","","false","","11.0","","false","","Requisitions","0.0","","","","","","9.0","11.0",""
"Sales Order Processes","false","false","ms_salesorder__c","","false","","15.0","","false","","Sales Order Processes","0.0","","","","","","12.0","15.0",""
"ABC Cycle Count","false","false","ms_abccyclecount__c","","false","","7.0","","true","","ABC Cycle Count","0.0","","","","","","7.0","",""
"Forecasting-MRP","false","false","ms_forecastingmrp__c","","false","","5.0","","false","","Forecasting-MRP","0.0","","","","","","4.0","5.0",""
"Sales Order Setup","false","false","ms_salesordersu__c","","false","","16.0","","false","","Sales Order Setup","0.0","","","","","","14.0","16.0",""
"Work Orders","false","false","ms_workorders__c","","false","","14.0","","false","","Work Orders","0.0","","","","","","11.0","14.0",""
"Mfg Engineering","false","false","ms_mfgengineering__c","","false","","4.0","","false","","Mfg Engineering","0.0","","","","","","1.0","4.0",""
"Scheduling-Capacity Planning","false","false","ms_schedulingcapacityplanning__c","","false","","6.0","","false","","Scheduling-Capacity Planning","0.0","","","","","","5.0","6.0",""
"Purchasing","false","false","ms_purchasing__c","","false","","12.0","","false","","Purchasing","0.0","","","","","","10.0","12.0",""
"Project Control","false","false","ms_projectcontrol__c","","false","","2.0","","false","","Project Control","0.0","","","","","","3.0","2.0",""
"InventoryControlParameters","false","false","m_invcyclecountcontrols__c","abcanalysis","false","/apex/listview?recType=icparm","256.0","Custom57Mru","true","a4g","Inv Cycle Count Controls","1.0","","","icparm__c","7.0","icparm","","19.0",""
"Division Address","false","false","m_divisionaddress__c","setup","false","/apex/listview?recType=sydivaddr","257.0","Custom57Mru","false","aAO","Division Address","1.0","","","sydivaddr__c","1.0","sydivaddr","","20.0","Initial Setup"
"ODC Code Maintenance","false","false","m_odccodemaintenance__c","purchasings","false","/apex/listview?recType=syodc","258.0","Custom57Mru","false","aAc","ODC Code Maintenance","1.0","","","syodc__c","12.0","syodc","","15.0","Maintenance"
"PO-AP Control","false","false","m_poapcontrol__c","purchasings","false","/apex/listview?recType=syapcntl","259.0","Custom57Mru","false","aA7","PO-AP Control","1.0","","","syapcntl__c","12.0","syapcntl","","16.0","Maintenance"
"Customer Class","false","false","m_customerclass__c","salesordersu","false","/apex/listview?recType=socclass","261.0","Custom57Mru","false","a7S","Customer Class","1.0","","","socclass__c","16.0","socclass","","3.0","Setup"
"Currency Master","false","false","m_currencymaster__c","setup","false","/apex/listview?recType=sycurr","260.0","Custom57Mru","false","aAE","Currency Master","1.0","","","sycurr__c","1.0","sycurr","","21.0","Initial Setup"
"Tax Locations","false","false","m_taxlocation__c","salesordersu","false","/apex/listview?recType=sotax","262.0","Custom57Mru","false","a9n","Tax Locations","1.0","","","sotax__c","16.0","sotax","","24.0","Setup"
"PO Approval Maintenance","false","false","m_poapprovalmaint__c","purchasings","false","/apex/PurchOrdAppvlMaint","263.0","","true","","PO Approval Maint","1.0","","","purchordappvlmaint","12.0","","","18.0","Maintenance"
"Sales Order Type","false","true","m_salesordertype__c","salesordersu","false","/apex/listview?recType=sootype","266.0","Custom57Mru","false","a8t","Sales Order Type","1.0","","","sootype__c","16.0","sootype","","22.0","Setup"
"Salesperson","false","false","m_salesperson__c","salesordersu","false","/apex/listview?recType=sosales","265.0","Custom57Mru","false","a9a","Salesperson","1.0","","","sosales__c","16.0","sosales","","20.0","Setup"
"Inventory Unit Cost Adjust","false","false","","inventorytrans","false","/apex/Stocklocadj?type=INVDOLADJ","253.0","Custom57Mru","true","","Inventory Unit Cost Adjust","1.0","","","stocklocadj","9.0","","","2.0","Transactions"
"Dimension Source Override","false","false","m_dimensionsourceoverride__c","setup","false","/apex/listview?recType=sydimovr","262.0","Custom57Mru","false","aAM","Dimension Source Override","1.0","","","sydimovr__c","1.0","sydimovr","","23.0","Initial Setup"
"Stock Location Numbers","false","false","m_stocklocnumber__c","setup","false","/apex/listview?recType=sylocnum","","Custom57Mru","false","aAZ","Stock Location Numbers","1.0","","","sylocnum__c","1.0","sylocnum","","14.0","Maintenance"
"Inventory Location Numbers","false","false","sylocnum","setup","false","/apex/listview?recType=sylocnum","262.0","Custom57Mru","true","aAZ","Inventory Location Number","1.0","","","sylocnum__c","1.0","sylocnum","","13.0","Maintenance"
"SO Fulfillment","false","false","m_salesorderworkbench__c","salesorder","false","/apex/SalesOrderWorkbench","","Custom57Mru","false","","SO Fulfillment","1.0","","","salesorderworkbench","15.0","","","2.0","Processes"
"Packaging","false","false","ms_packaging__c","","false","","16.0","","true","","Packaging","0.0","","","","","","13.0","",""
"Engineering BOM Query/Edit","false","false","m_engbomqueryedit__c","mfgengineering","false","/apex/Pebomqry","151.0","Custom57Mru","false","","Engineering BOM Query/Edit","1.0","","","pebomqry","4.0","","","3.0",""
"ECO Reasons","false","false","m_ecoreasons__c","mfgengineering","false","/apex/listview?recType=pecor","152.0","Custom57Mru","false","a5R","ECO Reasons","1.0","","","pecor__c","4.0","pecor","","10.0",""
"Engineering BOM Master","false","false","m_engbommaster__c","mfgengineering","false","/apex/listview?recType=pebom","153.0","Custom57Mru","false","a5N","Engineering BOM Master","1.0","","","pebom__c","4.0","pebom","","4.0",""
"Project Master","false","false","m_projectmaster__c","projectcontrol","false","/apex/listview?recType=pjproj","154.0","Custom57Mru","false","a5X","Project Master","1.0","","","pjproj__c","2.0","pjproj","","1.0",""
"Project Workbench","false","false","m_projectworkbench__c","projectcontrol","false","/apex/listview?recType=pjwkb","155.0","Custom57Mru","false","a5f","Project Workbench","1.0","","","pjwkb__c","2.0","pjwkb","","2.0",""
"Project to Project Move","false","false","m_projecttoprojectmove__c","projectcontrol","false","","156.0","","true","","Project to Project Move","1.0","","","","2.0","","","3.0",""
"Inventory By Item/Project","false","false","m_itembyproject__c","projectcontrol","false","/apex/listview?recType=icitemproj","157.0","Custom57Mru","false","a4M","Inventory By Item/Project","1.0","","","icitemproj__c","2.0","icitemproj","","4.0",""
"Project Budget/Cost","false","false","m_projectbudgetcost__c","projectcontrol","false","/apex/listview?recType=pjprojcst","158.0","Custom57Mru","false","a5Y","Project Budget/Cost","1.0","","","pjprojcst__c","2.0","pjprojcst","","5.0",""
"PO Control Record","false","false","m_pocontrolrecord__c","purchasings","false","/apex/listview?recType=pocntl","159.0","Custom57Mru","false","a5o","PO Control Record","1.0","","","pocntl__c","12.0","pocntl","","11.0","Maintenance"
"WO Disassembly Print","false","false","m_wodisassemblyprint__c","disassembly","false","","104.0","","false","","WO Disassembly Print","1.0","","","","","","","4.0","Maintenance"
"WO Operation Qty Booking","false","false","m_wooperationqtybooking__c","disassembly","false","","105.0","","false","","WO Operation Qty Booking","1.0","","","","","","","5.0","Booking"
"Customer Product","false","false","m_customerproductprice__c","salesordersu","false","/apex/listview?recType=sopc","","Custom57Mru","false","a93","Customer Product","1.0","","","sopc__c","16.0","sopc","","7.0","Setup"
"User Status","false","false","m_souserstatus__c","salesordersu","false","/apex/listview?recType=soustat","","Custom57Mru","false","a9p","User Status","1.0","","","soustat__c","16.0","soustat","","25.0","Setup"
"Work Order Scrap","false","false","m_woscrap__c","workorders","false","/apex/woscrap","230.0","Custom57Mru","true","","WO Scrap","1.0","","","woscrap","14.0","","","7.0","Processes"
"Purchase Order Receipts","false","false","m_poitemreceipts__c","purchasings","false","/apex/POReceipt","166.0","Custom57Mru","false","","Purchase Order Receipts","1.0","","","poreceipt","12.0","","","7.0","Processes"
"Purchase Order Line","false","false","m_polinedetail__c","purchasings","false","/apex/listview?recType=poline","167.0","Custom57Mru","false","a69","PO Line Detail","1.0","","","poline__c","12.0","","","5.0","Maintenance"
"Requisition Workbench","false","false","m_requisitionworkbench__c","requisitions","false","/apex/icreqfirm","165.0","Custom57Mru","false","","Requisition Workbench","1.0","","","icreqfirm","11.0","","","5.0",""
"PO Item Cost","false","false","m_poitemcost__c","stdcosts","false","/apex/listview?recType=poitemcst","168.0","Custom57Mru","false","a67","PO Item Cost","1.0","","","poitemcst__c","18.0","poitemcst","","1.0",""
"PO Component","false","false","m_pocomponent__c","purchasings","false","","169.0","","true","","PO Component","1.0","","","","12.0","","","19.0","Maintenance"
"Qty Reconcile","false","false","m_iclocitemqtyveri__c","rs_menu","true","/apex/iclocitemqtyveri","811.0","Custom57Mru","false","","Qty Reconcile","1.0","","","ccrstk","970.0","","","11.0",""
"SOAPI","false","false","m_soapi__c","rs_menu","false","/apex/listview?rectype=soapi","814.0","Custom57Mru","false","","SOAPI","1.0","","","ccrstk","970.0","soapi","","14.0",""
"SYDATA","false","false","m_sydata__c","rs_menu","false","/apex/listview?rectype=sydata","817.0","Custom57Mru","false","","SYDATA","1.0","","","ccrstk","970.0","sydata","","17.0",""
"SYDATAT","false","false","m_sydatat__c","rs_menu","false","/apex/listview?rectype=sydatat","820.0","Custom57Mru","false","","SYDATAT","1.0","","","ccrstk","970.0","sydatat","","20.0",""
"SYDATAD","false","false","m_sydatad__c","rs_menu","false","/apex/listview?rectype=sydatad","823.0","Custom57Mru","false","","SYDATAD","1.0","","","ccrstk","970.0","sydatad","","23.0",""
"POLOADER","false","false","m_poloader__c","rs_menu","false","/apex/listview?rectype=poloader","826.0","Custom57Mru","false","","POLOADER","1.0","","","ccrstk","970.0","poloader","","26.0",""
"Process Log","false","false","m_processlog__c","rs_menu","true","/apex/listview?rectype=processlog","829.0","Custom57Mru","false","","Process Log","1.0","","","ccrstk","970.0","processlog","","29.0",""
"Net Change","false","false","m_netchange__c","rs_menu","true","/apex/listview?rectype=netchange","832.0","Custom57Mru","false","","Net Change","1.0","","","ccrstk","970.0","netchange","","32.0",""
"SO Line","false","false","m_soline__c","rs_menu","true","/apex/listview?rectype=soline","835.0","Custom57Mru","false","","SO Line","1.0","","","ccrstk","970.0","soline","","35.0",""
"ICIXR","false","false","m_icixr__c","rs_menu","true","/apex/listview?rectype=icixr","838.0","Custom57Mru","false","","ICIXR","1.0","","","ccrstk","970.0","icixr","","38.0",""
"PO Requisition Demand","false","false","m_porequisitiondemand__c","requisitions","false","","170.0","","true","","PO Requisition Demand","1.0","","","","11.0","","","20.0",""
"Item/Vendor Master","false","false","m_itemvendormaster__c","purchasings","false","/apex/listview?recType=poitemvend","171.0","Custom57Mru","false","a68","Item / Vendor Master","1.0","","","poitemvend__c","12.0","poitemvend","","3.0","Maintenance"
"Product Groups","false","false","m_productgroupcode__c","salesordersu","false","/apex/listview?recType=socomm","173.0","Custom57Mru","false","a7Y","Product Groups","1.0","","","socomm__c","16.0","socomm","","5.0","Setup"
"Carriers","false","false","m_carriercodes__c","salesordersu","false","/apex/listview?recType=sycarrier","174.0","Custom57Mru","false","aAA","Carriers","1.0","","","sycarrier__c","16.0","sycarrier","","15.0","Setup"
"Shipping Methods","false","false","m_shipviatypecodes__c","salesordersu","false","/apex/listview?recType=syshipviatype","175.0","Custom57Mru","false","aAn","Shipping Methods","1.0","","","syshipviatype__c","16.0","syshipviatype","","23.0","Setup"
"PO Receipt Reversals","false","false","m_poreceiptreversals__c","purchasings","false","/apex/POReceiptr","274.0","Custom57Mru","false","","PO Receipt Reversals","1.0","","","poreceiptr","12.0","","","18.0","Processes"
"Inventory Commodity Code","false","false","m_invcommoditycode__c","setup","false","/apex/listview?recType=iccomcod","188.0","Custom57Mru","false","a46","Inventory Comm Code","1.0","","","iccomcod__c","1.0","iccomcod","","17.0","Maintenance"
"Site Master","false","false","m_sitemaster__c","setup","false","/apex/listview?recType=sysite","189.0","Custom57Mru","false","aAo","Site Master","1.0","","","sysite__c","1.0","sysite","","11.0","Initial Setup"
"Manufacturing Users","false","false","m_mfgusernumbers__c","setup","false","/apex/listview?recType=syusr","190.0","Custom57Mru","false","aAz","Manufacturing Users","1.0","","","syusr__c","1.0","syusr","","6.0","Initial Setup"
"GL Accounts","false","false","m_glaccounts__c","setup","false","/apex/listview?recType=syqbcoa","191.0","Custom57Mru","true","aAg","GL Accounts","1.0","","","syqbcoa__c","1.0","syqbcoa","","15.0","Initial Setup"
"PO Receipt Routing","false","false","m_poreceiptrouting__c","setup","false","/apex/listview?recType=porcvgtype","192.0","Custom57Mru","true","","PO Receipt Routing","1.0","","","porcvgtype__c","1.0","porcvgtype","","15.0",""
"Mfg Accounts","false","false","m_mfgaccounts__c","setup","false","/apex/listview?recType=syacc","193.0","Custom57Mru","false","aA4","Mfg Accounts","1.0","","","syacc__c","1.0","syacc","","16.0","Initial Setup"
"Unit of Measure Master","false","false","m_unitofmeasuremaster__c","setup","false","/apex/listview?recType=syuom","194.0","Custom57Mru","false","aAy","Unit Of Measure Master","1.0","","","syuom__c","1.0","syuom","","12.0","Maintenance"
"PO Receipt Operations","false","false","m_poreceiptoperations__c","setup","false","/apex/listview?recType=porcvgop","195.0","Custom57Mru","true","a6M","PO Receipt Operations","1.0","","","porcvgop__c","1.0","porcvgop","","16.0","Reference"
"Engineering Item Master","false","false","m_mfgengitemmaster__c","mfgengineering","false","/apex/listview?recType=peitem","148.0","Custom57Mru","false","a5T","Engineering Item Master","1.0","","","peitem__c","4.0","peitem","","1.0",""
"Engineering Revisions","false","false","m_engrevisionsedit__c","mfgengineering","false","/apex/listview?recType=peitemrev","149.0","Custom57Mru","false","a5V","Engineering Revisions","1.0","","","peitemrev__c","4.0","peitemrev","","2.0",""
"ECO Master","false","false","m_ecomaster__c","mfgengineering","false","/apex/listview?recType=pecoh","150.0","Custom57Mru","false","a5P","ECO Master","1.0","","","pecoh__c","4.0","pecoh","","9.0",""
"Engineering BOM Mass Add","false","false","m_engbommassadd__c","mfgengineering","false","/apex/BOMMassAdd","143.0","Custom57Mru","false","","Engineering BOM Mass Add","1.0","","","bommassadd","4.0","","","5.0",""
"SO Shipper","false","true","m_soshipment__c","salesorder","false","/apex/listview?recType=soship","275.0","Custom57Mru","false","a9d","SO Shipper","1.0","","","soship__c","15.0","soship","","5.0","Processes"
"Forecast Fast Entry","false","false","m_fastforecastentry__c","forecastmrp","false","/apex/Fastforecastentry","112.0","Custom57Mru","false","","Forecast Fast Entry","1.0","","","fastforecastentry","5.0","icfcstdmd","","1.0",""
"RMA Status","false","false","m_sormastat__c","salesordersu","false","/apex/listView?recType=sormastat","281.0","Custom57Mru","false","a9X","RMA Status","1.0","","","sormastat__c","16.0","sormastat","","26.0","Setup"
"G/L Account","false","false","m_quickbooks__c","quickbooks","false","/apex/listView?recType=syqbcoa","","Custom57Mru","false","aAg","G/L Account","1.0","","","syqbcoa__c","17.0","","","5.0",""
"Routing Operations","false","false","m_routingoper__c","shopfloor","false","/apex/listview?recType=rtroutoper","282.0","Custom57Mru","false","a6u","Routing Operations","1.0","","","rtroutoper__c","10.0","rtroutoper","","2.0",""
"Prepayment","false","false","m_soppy__c","salesorder","false","/apex/listView?recType=soppy","284.0","Custom57Mru","false","a9F","Prepayment","1.0","","","soppy__c","15.0","soppy","","10.0","Processes"
"Open PO Lines /w Bar Code","false","false","m_openpobarcode__c","purchasings","false","/apex/openpobarcode","","Custom57Mru","false","","Open PO Lines /w Bar Code","1.0","","","openpobarcode","12.0","","","17.0","Processes"
"Project Status","false","false","m_pjstatus__c","pjstatus","false","/apex/listview?recType=pjstatus","283.0","Custom57Mru","false","a5b","Project Status","1.0","","","pjstatus__c","2.0","pjstatus","","6.0",""
"System Configuration","false","false","m_syconfig__c","setup","false","/apex/ListView?recType=syconfig","","Custom57Mru","true","aAC","System Configuration","1.0","","","syconfig__c","1.0","syconfig","","26.0","Maintenance"
"Customer Agreements","false","false","m_ soagh__c","salesordersu","false","/apex/ListView?recType=soagh","","Custom57Mru","false","a73","Customer Agreements","1.0","","","soagh__c","16.0","","","8.0","Setup"
"Packing Slip","false","false","m_packingslip__c","salesorder","false","/apex/listview?recType=sopack","277.0","Custom57Mru","false","a8u","Packing Slip","1.0","","","sopack__c","15.0","sopack","","13.0","Processes"
"Time & Quantity Booking","false","false","m_laborclockinout__c","workorders","false","/apex/laborclockinout","278.0","Custom57Mru","false","","Time & Quantity Booking","1.0","","","laborclockinout","14.0","","","6.0","Processes"
"Time & Quantity Booking Reversals","false","false","m_laborqtybookingreversal","workorders","false","/apex/laborqtybookingreversal","279.0","Custom57Mru","false","","Time & Quantity Booking Reversals","1.0","","","laborqtybookingreversal","14.0","","","24.0","Processes"
"Returned Material (RMA)","false","false","m_sormh__c","salesorder","false","/apex/listview?recType=sormh","280.0","Custom57Mru","false","a9Y","Returned Material (RMA)","1.0","","","sormh__c","15.0","sormh","","11.0","Processes"
"Page Help Setup","false","false","m_syconfig__c","setup","false","/apex/listview?recType=helpsetup","","Custom57Mru","true","a3v","Page Help Setup","1.0","","","helpsetup__c","1.0","syconfig","","27.0","Maintenance"
"WO Operations WIP","false","false","m_wooperationswip__c","workorders","false","/apex/listview?recType=wopwip","244.0","Custom57Mru","false","aBU","WO Operations WIP","1.0","","","wopwip__c","14.0","wopwip","","8.0","WO Details"
"Cost Acct User Control Record","false","false","m_costacctusercontrolrecord__c","setup","false","/apex/listview?recType=csusracctcntl","247.0","Custom57Mru","false","a3Y","Cost Acct User Control Record","1.0","","","csusracctcntl__c","1.0","csusracctcntl","","25.0","Maintenance"
"forcastingrequirement","false","false","m_mrprequirements__c","forecastmrp","false","/apex/listview?recType=icixr","249.0","Custom57Mru","true","a4X","MRP Requirements","1.0","","","icixr__c","5.0","icixr","","6.0","MRP"
"Cost Accounting Control Record","false","false","m_costaccountingcontrolrecord__c","setup","false","/apex/listview?recType=csacctcntl","246.0","Custom57Mru","false","a3V","Cost Accounting Control Record","1.0","","","csacctcntl__c","1.0","csacctcntl","","24.0","Maintenance"
"WO Operation Actual","false","false","m_wooperationactual__c","workorders","false","/apex/listview?recType=woordopact","248.0","Custom57Mru","false","aBI","WO Operation Actual","1.0","","","woordopact__c","14.0","woordopact","","5.0","WO Details"
"Cost Transaction Query","false","false","m_costtransactionquery__c","inventorytrans","false","/apex/Csttransqry","252.0","Custom57Mru","false","","Cost Transaction Query","1.0","","","csttransqry","9.0","","","7.0","Transactions"
"Authorizers","false","false","m_authorizers__c","setup","false","/apex/listview?recType=syauth","255.0","Custom57Mru","false","aA9","Authorizers","1.0","","","syauth__c","1.0","syauth","","8.0","Maintenance"
"Cycle Count Report","false","false","m_cyclecountreport__c","inventorymgmt","false","/apex/CycleCountReport","","Custom57Mru","true","","Cycle Count Report","1.0","","","cyclecountreport","8.0","","","11.0","Qty / Costs / Info"
"Organizational Depts","false","false","m_organizationaldepts__c","setup","false","/apex/listview?recType=syorg","185.0","Custom57Mru","false","aAe","Organizational Depts","1.0","","","syorg__c","1.0","syorg","","9.0","Maintenance"
"UOM Conversion Factors","false","false","m_uomconversionfactors__c","setup","false","/apex/listview?recType=syumcf","186.0","Custom57Mru","false","aAx","UOM Conversion Factors","1.0","","","syumcf__c","1.0","syumcf","","13.0","Maintenance"
"Inventory Location IDs","false","false","m_stocklocidmaster__c","setup","false","/apex/listview?recType=sylocid","187.0","Custom57Mru","false","aAY","Inventory Location IDs","1.0","","","sylocid__c","1.0","sylocid","","14.0","Maintenance"
"Order Number Assign","false","false","m_ordernumberassign__c","setup","false","/apex/listview?recType=syordnumassign","185.0","Custom57Mru","false","aAd","Order Number Assign","1.0","","","syordnumassign__c","1.0","syordnumassign","","10.0","Initial Setup"
"Reason Codes","false","false","m_soreasoncodes__c","salesordersu","false","/apex/listview?recType=soreason","264.0","Custom57Mru","false","a9O","Reason Codes","1.0","","","soreason__c","16.0","soreason","","19.0","Setup"
"Chart of Accounts Import","false","false","m_quickbooks__c","quickbooks","false","/apex/SyqbcoaImport","269.0","Custom57Mru","false","","Chart of Accounts Import","1.0","","","syqbcoaimport","17.0","","","1.0",""
"Requisition Authorization","false","false","m_noninventoryauthorization__c","requisitions","false","/apex/RequisitionAuth","238.0","Custom57Mru","true","","Non-Inventory Authorization","1.0","","","requisitionauth","11.0","","","15.0",""
"PO Authorization","false","false","m_purchaseorderauthorization__c","purchasings","false","/apex/PurchOrdAuth","239.0","Custom57Mru","false","","PO Authorization","1.0","","","purchordauth","12.0","","","9.0","Processes"
"Sales Commission","false","false","m_salescommission__c","salesorder","false","/apex/salescommission","","Custom57Mru","false","","Sales Commission","1.0","","","salescommission","15.0","","","15.0","Processes"
"Warranty Type","false","false","m_ sowarrtype__c","salesordersu","false","/apex/ListView?recType=sowarrtype","","Custom57Mru","false","a9u","Warranty Type","1.0","","","sowarrtype__c","16.0","","","27.0","Setup"
"Shipped Item Warranty","false","false","m_ sowarr__c","salesorder","false","/apex/ListView?recType=sowarr","","Custom57Mru","false","a9r","Shipped Item Warranty","1.0","","","sowarr__c","15.0","","","12.0","Processes"
"BOM Mass Replace","false","false","m_engbommassreplace__c","mfgengineering","false","/apex/PebomReplace","285.0","Custom57Mru","false","","BOM Mass Replace","1.0","","","pebomreplace","4.0","","","6.0",""
"Device History Record","false","false","m_icdhr__c","inventorymgmt","false","/apex/ListView?recType=icdhr","","Custom57Mru","false","a49","Device History Record","1.0","","","icdhr__c","8.0","","","12.0",""
"Item Serial Manual Link","false","false","m_icsrllink__c","inventorymgmt","false","/apex/ListView?recType=icsrllink","","Custom57Mru","false","a4r","Item Serial Manual Link","1.0","","","icsrllink__c","8.0","","","13.0",""
"Missing Inv Items for BOM Components","false","false","m_missinginvitemsforbomcomponents__c","mfgengineering","false","","144.0","","true","","Missing Inv Items for BOM Components","1.0","","","","4.0","","","10.0",""
"Indented BOM","false","false","m_indentedbom__c","mfgengineering","false","/apex/IndentedBOM2","145.0","Custom57Mru","false","","Indented BOM","1.0","","","indentedbom2","4.0","","","7.0",""
"S/L Costed BOM Report","false","false","m_slcostedbomreport__c","mfgengineering","false","/apex/IndentedBOM?issl=true","146.0","","true","","S/L Costed BOM Report","1.0","","","indentedbom","4.0","","","11.0",""
"Engineering BOM Copy","false","false","m_engbomcopy__c","mfgengineering","false","/apex/BOMCopy","147.0","Custom57Mru","false","","Engineering BOM Copy","1.0","","","bomcopy","4.0","","","5.0",""
"Operation Assignments by Work Center","false","false","m_wcoperassignment__c","schcapplng","false","/apex/WCOperAssignment","","Custom57Mru","false","","Operation Assignments by Work Center","1.0","","","wcoperassignment","6.0","","","9.0","Processes"
"Operation Assignments by Work Center","false","false","m_wcoperassignment__c","schcapplng","false","/apex/WCOperAssignment","","Custom57Mru","false","","Operation Assignments by Work Center","1.0","","","wcoperassignment","14.0","","","25.0","Processes"
"User Time Entry","false","false","m_usertimeentry__c","workorders","false","/apex/usertimeentry","","Custom57Mru","false","","User Time Entry","1.0","","","usertimeentry","14.0","","","6.0","Processes"
"Independent Operations","false","false","m_rtindoper__c","shopfloor","false","/apex/listview?recType=rtindoper","","Custom57Mru","false","a6m","Independent Operations","1.0","","","rtindoper__c","10.0","","","4.0","Processes"
"Labor Orders","true","true","m_labororder__c","workorders","false","/apex/listview?recType=lwocst","","Custom57Mru","false","a5A","Labor Orders","1.0","","","lwocst__c","14.0","lwocst","","25.0","Processes"
"System Custom Configuration","false","false","m_sycustom__c","salesordersu","false","/apex/listview?recType=Sycustom","302.0","Custom57Mru","false","aAG","System Custom Configuration","1.0","1.0","","sycustom__c","16.0","sycustom","","28.0","Maintenance"
"System Defaults","false","false","m_sydefault__c","setup","false","/apex/ListView?recType=sydefault","","Custom57Mru","false","aAK","System Defaults","1.0","","","sydefault__c","1.0","","","26.0","Maintenance"
"Create Invoice for All Shippers","false","false","m_crtshpinvs__c","csg","false","/apex/InvoiceShippersInDiv","304.0","Custom57Mru","false","","Create Invoice for All Shippers","1.0","","","invoiceshippersindiv","310.0","sydata","","63.0",""
"SO Line Amortization Schedules","false","false","m_soamort__c","quickbooks","false","/apex/listview?rectype=soamort","337.0","Custom57Mru","false","a7B","SO Line Amortization Schedules","1.0","","","soamort__c","17.0","","","8.0","Maintenance"
"SO Line Amortization Processing","false","false","m_soamortschedule__c","quickbooks","false","/apex/salesOrderAmortizationProcess","338.0","Custom57Mru","false","","SO Line Amortization Processing","1.0","","","salesorderamortizationprocess","17.0","","","9.0","Maintenance"
"SO Fulfillment Pre-Selection","false","false","m_sopreselection__c","salesorder","false","/apex/SOPreSelection","902.0","Custom57Mru","false","","SO Fulfillment Pre-Selection","1.0","","","sopreselection","15.0","","","2.0",""
"Purge Cost Transactions","false","false","m_purgeCostTransaction__c","inventorymgmt","false","/apex/PurgeCostTransaction","337.0","Custom57Mru","false","","Purge Cost Transactions","1.0","","","purgecosttransaction","8.0","purgecosttransaction","","30.0","Qty / Costs / Info"
"Purge System Transactions","false","false","m_purgeSystemTransactions__c","inventorymgmt","false","/apex/PurgeSystemTransactions","338.0","Custom57Mru","false","","Purge System Transactions","1.0","","","purgesystemtransactions","8.0","purgesystemtransactions","","33.0","Qty / Costs / Info"
"General Journal Export","false","false","m_generaljournalexport__c","quickbooks","false","/apex/TransactionExport","300.0","Custom57Mru","false","","General Journal Export","1.0","","","transactionexport","17.0","","","7.0",""
"Item Usage Forecast","false","false","m_usageforecast__c","forecastmrp","false","/apex/usageforecast","312.0","Custom57Mru","false","","Item Usage Forecast","1.0","","","usageforecast","5.0","usageforecast","","10.0","Qty / Costs / Info"
"Purchase Requisition","false","false","m_poreq__c","requisitions","false","/apex/listview?rectype=poreq","339.0","Custom57Mru","false","a6N","Purchase Requisition","1.0","","","poreq__c","11.0","poreq","","26.0",""
"Indirect-Service Requisition","false","false","m_syreqind__c","requisitions","false","/apex/listview?rectype=syreqind","165.0","Custom57Mru","false","aAk","Indirect-Service Requisition","1.0","","","syreqind__c","11.0","syreqind","","12.0",""
"Work Center Group","false","false","m_rtwcgroup__c","shopfloor","false","/apex/listview?rectype=rtwcgroup","340.0","Custom57Mru","false","a6x","Work Center Group","1.0","","","rtwcgroup__c","10.0","","","11.0","Maintenance"
"Site to Site Transfer","false","false","m_sitetositetransfer__c","inventorytrans","false","/apex/Stocklocdivsitemove?mode=invsitesite","135.0","Custom57Mru","false","","Site to Site Transfer","1.0","","","stocklocdivsitemove_invsitesite","9.0","","","6.0","Transactions"
"CPQ and Contract","false","false","ms_cpq__c","","false","","244.0","","false","","CPQ and Contract","0.0","","","","","","43.0","43.0",""
"Contract Terms Template","false","false","m_soctt__c","cpq","false","/apex/listView?recType=soctt","","Custom57Mru","false","a89","Contract Terms Template","1.0","","","soctt__c","244.0","soctt","","9.0",""
"Master Services Agreement","false","false","m_msa__c","cpq","false","/apex/listView?recType=somsa","","Custom57Mru","false","a8m","Master Services Agreement","1.0","","","somsa__c","244.0","somsa","","1.0",""
"Contract Terms Template","false","false","m_soctt__c","cpq","false","/apex/listView?recType=soctt","","Custom57Mru","false","a89","Contract Terms Template","1.0","2.0","","soctt__c","244.0","soctt","","9.0",""
"Master Services Agreement","false","false","m_msa__c","cpq","false","/apex/listView?recType=somsa","","Custom57Mru","false","a8m","Master Services Agreement","1.0","2.0","","somsa__c","244.0","somsa","","1.0",""
"RS Support Functions","false","false","m_rsmenu__c","","false","","970.0","","false","","RS Support Functions","0.0","","","ccrstk","","","","",""
"Site to Site Transfer","false","false","m_sitetositetransfer__c","inventorytrans","false","/apex/Stocklocdivsitemove?mode=invsitesite","135.0","Custom57Mru","false","","Site to Site Transfer","1.0","2.0","","stocklocdivsitemove_invsitesite","9.0","","","6.0","Transactions"
"Sales Invoice Batch","false","false","m_soibatch__c","salesorder","false","/apex/listview?recType=soibatch","977.0","Custom57Mru","false","a8R","Sales Invoice Batch","1.0","","","soibatch__c","15.0","","","16.0","Maintenance"
"VAT Class","false","false","m_syvatclass__c","setup","false","/apex/listview?rectype=syvatclass","340.0","Custom57Mru","false","aB0","VAT Class","1.0","","","syvatclass__c","1.0","syvatclass","","31.0","Maintenance"
"Vendor Class","false","false","m_povclass__c","purchasings","false","/apex/listview?rectype=povclass","341.0","Custom57Mru","false","a6Z","Vendor Class","1.0","","","povclass__c","12.0","vendorclass","","3.0","Maintenance"
"Inbound Shipment Route Type","false","false","m_ibrtetype__c","inboundlogistics","false","/apex/listview?rectype=ibrtetype","316.0","Custom57Mru","false","a3z","Inbound Shipment Route Type","1.0","","","ibrtetype__c","13.0","ibrtetype","","6.0",""
"Inbound Shipment Container Type","false","false","m_ibconttype__c","inboundlogistics","false","/apex/listview?rectype=ibconttype","319.0","Custom57Mru","false","a3w","Inbound Shipment Route Type","1.0","","","ibconttype__c","13.0","ibrtetype","","9.0",""
"Inbound Shipment Route","false","false","m_ibroute__c","inboundlogistics","false","/apex/listview?rectype=ibroute","322.0","Custom57Mru","false","a3x","Inbound Shipment Route","1.0","","","ibroute__c","13.0","ibroute","","22.0",""
"Inbound Shipment","false","false","m_ibship__c","inboundlogistics","false","/apex/listview?rectype=ibship","313.0","Custom57Mru","false","a40","Inbound Shipment","1.0","","","ibship__c","13.0","ibship","","3.0",""
"SO Picklist Header","false","false","m_sopickh__c","salesorder","false","/apex/listview?recType=sopickh","313.0","Custom57Mru","false","a9E","SO Picklist Header","1.0","2.0","","sopickh__c","15.0","sopickh","","3.0","Processes"
"SO Picklist Header","false","false","m_sopickh__c","salesorder","false","/apex/listview?recType=sopickh","313.0","Custom57Mru","false","a9E","SO Picklist Header","1.0","2.0","","sopickh__c","15.0","sopickh","","3.0","Processes"
"Inventory Reconciliation Review & Processing","false","false","m_icinvreconreviewandprocessing__c","icinvreconBatchHeader","false","/apex/listview?recType=icinvreconb","312.0","Custom57Mru","false","a4G","Inventory Reconciliation Review & Processing","1.0","1.0","","icinvreconb__c","9.0","icinvreconb__c","","52.0",""
"SO Picklist Header","false","false","m_sopickh__c","salesorder","false","/apex/listview?recType=sopickh","313.0","Custom57Mru","false","a9E","SO Picklist Header","1.0","2.0","","sopickh__c","15.0","sopickh","","3.0","Processes"
"Inventory Reconciliation","false","false","m_icinvrecon__c","icinvrecon","false","/apex/listview?recType=icinvrecon","312.0","Custom57Mru","false","a4F","Inventory Reconciliation","1.0","2.0","","icinvrecon__c","9.0","icinvrecon","","51.0",""
"Inventory Reconciliation Review & Processing","false","false","m_icinvreconreviewandprocessing__c","icinvreconBatchHeader","false","/apex/listview?recType=icinvreconb","312.0","Custom57Mru","false","a4G","Inventory Reconciliation Review & Processing","1.0","2.0","","icinvreconb__c","9.0","icinvreconb__c","","52.0",""
"SO Picklist Header","false","false","m_sopickh__c","salesorder","false","/apex/listview?recType=sopickh","313.0","Custom57Mru","false","a9E","SO Picklist Header","1.0","1.0","","sopickh__c","15.0","sopickh","","3.0","Processes"
"Inventory Reconciliation","false","false","m_icinvrecon__c","icinvrecon","false","/apex/listview?recType=icinvrecon","312.0","Custom57Mru","false","a4F","Inventory Reconciliation","1.0","1.0","","icinvrecon__c","9.0","icinvrecon","","51.0",""
"Generate Recurring Billing","false","false","m_generateRecurringBilling__c","cpq","false","/apex/GenerateRecurringBillingExecution","","Custom57Mru","false","","Generate Recurring Billing","1.0","","","generaterecurringbillingexecution","244.0","soconpbill","","11.0",""
"Contract Periodic Billing Review","false","false","m_soconpbill__c","cpq","false","/apex/listView?recType=soconpbill","","Custom57Mru","false","a7k","Contract Periodic Billing Review","1.0","","","soconpbill__c","244.0","soconpbill","","12.0",""
"Shipping Zones","false","false","m_shippingzone__c","salesordersu","false","/apex/listview?rectype=Sozone","976.0","Custom57Mru","false","a9w","Shipping Zones","1.0","","","sozone__c","16.0","sozone","","29.0","Maintenance"
"Master Services Agreement","false","false","m_msa__c","cpq","false","/apex/listView?recType=somsa","","Custom57Mru","false","a8m","Master Services Agreement","1.0","","","somsa__c","244.0","somsa","","1.0",""
"Customer MSA","false","false","m_custmsa__c","cpq","false","/apex/listView?recType=socustmsa","","Custom57Mru","false","a8F","Customer MSA","1.0","","","socustmsa__c","244.0","socustmsa","","2.0","Maintenance"
