RSTK__APPSECURITYKEY__C,RSTK__HEADER__C,RSTK__HREF__C,RSTK__ID__C,RSTK__IMAGECLASS__C,RSTK__INACTIVE__C,RSTK__KEYPREFIX__C,RSTK__LABEL__C,RSTK__LEVEL__C,RSTK__PAGE__C,RSTK__PARENTID__C,RSTK__RECORDTYPE__C,RSTK__SECNSEQUENCE__C,RSTK__SEQUENCE__C,RSTK__SUBSECTION__C,RSTK__APPROVAL_ENABLED__C,RSTK__PAGEKEY__C,RSTK__MENUTYPE__C,RSTK__ACTIVITY_ENABLED__C,RSTK__HIDEADDLINK__C,RSTK__RSFINANCIALS__C,RSTK__RELATEDLISTS__C
m_allocqtycheckandrepair__c,rs_menu,/apex/allocQtyCheckAndRepair,971,Custom57Mru,FALSE,,Allocated Quantity Integrity Check and Repair,1,,970,icixr,,78,Maintenance,FALSE,rs_allocqtycheckandrepair,,FALSE,FALSE,FALSE,
m_purgeworkorders__c,purge-monitor,/apex/PurgeWorkOrders,320,Custom57Mru,FALSE,,Purge Work Orders,1,,27,featcat,,3,Maintenance,FALSE,purgeworkorders,,FALSE,FALSE,FALSE,
m_recservices__c,cpq,/apex/listview?recType=soconpbbatch,,Custom57Mru,FALSE,a7s,Recurring Billing Batch Review,1,,244,SOCONPBBATCH,,13,Processes,TRUE,soconpbbatch__c,,TRUE,FALSE,FALSE,
m_termscode__c,setup,/apex/listview?rectype=syterms,172,Custom57Mru,FALSE,a4D,Terms Codes,1,,1,syterms,,30,Maintenance,FALSE,syterms__c,1,FALSE,FALSE,FALSE,
m_pocontainerGrid__c,iblogistics,/apex/pocontainerGrid,331,Custom57Mru,FALSE,,Interim Containers With Reqs,1,,901,pocontainergrid,,33,Maintenance,FALSE,pocontainergrid,,FALSE,FALSE,FALSE,
m_iclocitemqtyveri__c,rs_menu,/apex/iclocitemqtyveri,811,Custom57Mru,FALSE,,Qty Reconcile,1,,970,,,11,,FALSE,ccrstk,,FALSE,TRUE,FALSE,
m_syconfig__c,rs_menu,/apex/listview?rectype=syconfig,847,Custom57Mru,FALSE,,System Configuration,1,,970,syconfig,,47,,FALSE,ccrstk,,FALSE,TRUE,FALSE,
m_soorddmd__c,rs_menu,/apex/listview?rectype=soorddmd,847,Custom57Mru,FALSE,,SOORDDMD,1,,970,soorddmd,,24,,FALSE,ccrstk,,FALSE,TRUE,FALSE,
m_obshipcont__c,iblogistics,/apex/listview?rectype=obshipcont,333,Custom57Mru,FALSE,a8e,Outbound Shipment Container,1,,901,obshipcont,,24,FALSE,FALSE,obshipcont__c,,FALSE,FALSE,FALSE,
m_obship__c,iblogistics,/apex/listview?rectype=obship,332,Custom57Mru,FALSE,a8d,Outbound Shipment Master,1,,901,obship,,12,FALSE,FALSE,obship__c,,FALSE,FALSE,FALSE,
m_generaljournal__c,quickbooks,/apex/listView?recType=gljeh,,Custom57Mru,FALSE,a5Z,General Journal,1,,17,,,7,,FALSE,gljeh__c,,FALSE,FALSE,FALSE,
m_quickbooks__c,quickbooks,/apex/QBPayableInvoiceExport,,Custom57Mru,FALSE,,Payable Invoice Export,1,,17,,,6,,FALSE,qbpayableinvoiceexport,,FALSE,FALSE,FALSE,
m_inventoryunitcostadjust__c,inventorytrans,/apex/Stocklocadj2?type=INVDOLADJ,,Custom57Mru,FALSE,,Inventory Unit Cost Adjust,1,,9,,,2,Transactions,FALSE,stocklocadj2_inventoryunitcostadjust,,FALSE,FALSE,FALSE,
m_socontract__c,cpq,/apex/listView?recType=socontract,,Custom57Mru,FALSE,a6B,Sales Contract Maintenance,1,,244,socontract,,10,Maintenance,TRUE,socontract__c,,TRUE,FALSE,FALSE,
m_joblog__c,rs_menu,/apex/listview?rectype=joblog,862,Custom57Mru,FALSE,,Job Logs,1,,970,joblog,,62,,FALSE,ccrstk,,FALSE,TRUE,FALSE,
m_podmd__c,rs_menu,/apex/listview?rectype=podmd,865,Custom57Mru,FALSE,,Subcontract Demands,1,,970,podmd,,65,,FALSE,ccrstk,,FALSE,TRUE,FALSE,
m_ibrtetype__c,ibshipRoutType,/apex/listview?recType=ibrtetype,275,Custom57Mru,FALSE,a82,Inbound Shipment Route Type,1,,12,ibrtetype,,20,Maintenance,FALSE,ibrtetype__c,,FALSE,FALSE,FALSE,
m_ibconttype__c,ibshipContType,/apex/listview?recType=ibconttype,276,Custom57Mru,FALSE,a7z,Inbound Shipment Container Type,1,,12,ibconttype,,21,Maintenance,FALSE,ibconttype__c,,FALSE,FALSE,FALSE,
m_ibroute__c,ibshipRoute,/apex/listview?recType=ibroute,277,Custom57Mru,FALSE,a80,Inbound Shipment Route,1,,12,ibroute,,22,Maintenance,FALSE,ibroute__c,,FALSE,FALSE,FALSE,
m_ibship__c,ibship,/apex/listview?recType=ibship,278,Custom57Mru,FALSE,a83,Inbound Shipment,1,,12,ibship,,23,Maintenance,FALSE,ibship__c,,FALSE,FALSE,FALSE,
/apex/InvoiceShippersInDiv,salesorder,/apex/InvoiceShippersInDiv,331,Custom57Mru,FALSE,,Create Invoice For All Shippers,1,,15,,,8,,FALSE,invoiceshippersindiv,,FALSE,FALSE,FALSE,
/apex/listview?rectype=csitem,rs_menu,/apex/listview?rectype=csitem,874,Custom57Mru,FALSE,,CS Item (Std Cost Rollup Detail),1,,970,,,74,,FALSE,ccrstk,,FALSE,TRUE,FALSE,
/apex/IntegrityCheck,rs_menu,/apex/IntegrityCheck,877,Custom57Mru,FALSE,,IntegrityCheck,1,,970,,,77,,FALSE,ccrstk,,FALSE,TRUE,FALSE,
/apex/Integritylog,rs_menu,/apex/listview?rectype=Integritylog,880,Custom57Mru,FALSE,,Integrity Log,1,,970,,,80,,FALSE,ccrstk,,FALSE,TRUE,FALSE,
team_support,setup,https://portal.teamsupport.com/login.aspx?OrgName=rootstock,901,Custom57Mru,FALSE,,Rootstock Support Portal,1,,1,team_support,,1,,FALSE,cc,,FALSE,TRUE,FALSE,
m_sofrtcalc__c,salesordersu,/apex/listview?rectype=sofrtcalc,16,Custom57Mru,FALSE,a8Y,Freight Calculations,1,,16,sofrtcalc,,30,Maintenance,FALSE,sofrtcalc__c,,FALSE,FALSE,FALSE,
m_icitemval__c,inventorymgmt,/apex/InventoryValuationByDate,301,Custom57Mru,FALSE,,Inventory Valuations By Date,1,,8,icitemval,,25,Qty / Costs / Info,FALSE,inventoryvaluationbydate,,FALSE,FALSE,FALSE,
m_changeSupplier__c,iblogistics,/apex/changeSupplier,335,Custom57Mru,FALSE,,Change Supplier,1,,904,,,12,,FALSE,changesupplier,,FALSE,FALSE,FALSE,
m_salesContractDevDealMgmt__c,cpq,/apex/SalesContractDevDealMgmt,,Custom57Mru,FALSE,,Sales Contract Device Deal Management,1,,244,,,14,Processes,FALSE,salescontractdevdealmgmt,,FALSE,FALSE,FALSE,
m_salesContractDevTransfer__c,cpq,/apex/SalesContractDevTransfer,,Custom57Mru,FALSE,,Sales Contract Device Transfer,1,,244,,,15,Processes,FALSE,salescontractdevtransfer,,FALSE,FALSE,FALSE,
ms_rs_apis__c,,/RS_APIs,26,,FALSE,,API Objects - Results,0,,,,26,19,,FALSE,cc,,FALSE,FALSE,FALSE,
m_sydata__c,rs_apis,/apex/listview?recType=sydata,343,Custom57Mru,FALSE,,SYDATA,1,,26,sydata,,1,Maintenance,FALSE,cc,,FALSE,FALSE,FALSE,
m_soapi__c,rs_apis,/apex/listview?recType=soapi,344,Custom57Mru,FALSE,,SOAPI,1,,26,soapi,,2,Maintenance,FALSE,cc,,FALSE,FALSE,FALSE,
m_poloader__c,rs_apis,/apex/listview?recType=poloader,345,Custom57Mru,FALSE,,POLOADER,1,,26,poloader,,1,Maintenance,FALSE,cc,,FALSE,FALSE,FALSE,
m_sydatat__c,rs_apis,/apex/listview?recType=sydatat,346,Custom57Mru,FALSE,,SYDATAT,1,,26,sydatat,,4,Maintenance,FALSE,cc,,FALSE,FALSE,FALSE,
m_sydatad__c,rs_apis,/apex/listview?recType=sydatad,347,Custom57Mru,FALSE,,SYDATAD,1,,26,sydatad,,5,Maintenance,FALSE,cc,,FALSE,FALSE,FALSE,
m_icshrtlist__c,inventorymgmt,/apex/icshrtlist,,Custom57Mru,FALSE,,Shortage Report,1,,8,,,14,,FALSE,icshrtlist,,FALSE,FALSE,FALSE,
m_consolidatedWorkOrderPicklist__c,consolidatedWorkOrderPicklist,/apex/WorkOrders,299,Custom57Mru,FALSE,,Consolidated Work Order Picklist,1,,14,,,26,,FALSE,workorders,,FALSE,FALSE,FALSE,
m_consolidatedWorkOrderPicklist__c,consolidatedWorkOrderPicklist,/apex/WorkOrders,299,Custom57Mru,FALSE,,Consolidated Work Order Picklist,1,,14,,,26,,FALSE,workorders,2,FALSE,FALSE,FALSE,
m_confgroup__c,salesordersu,/apex/listview?recType=confgroup,312,Custom57Mru,FALSE,a5v,Configuration Group,1,,16,confgroup,,29,Maintenance,FALSE,confgroup__c,,FALSE,FALSE,FALSE,
m_confsel__c,salesordersu,/apex/listview?recType=confsel,312,Custom57Mru,FALSE,a5z,Configuration Selection,1,,16,confsel,,30,Maintenance,FALSE,confsel__c,,FALSE,FALSE,FALSE,
m_confcomp__c,salesordersu,/apex/listview?recType=confcomp,312,Custom57Mru,FALSE,a5q,Selection Component,1,,16,confcomp,,31,Maintenance,FALSE,confcomp__c,,FALSE,FALSE,FALSE,
m_confexcl__c,salesordersu,/apex/listview?recType=confexcl,312,Custom57Mru,FALSE,a5u,Selection Exclusion,1,,16,confexcl,,32,Maintenance,FALSE,confexcl__c,,FALSE,FALSE,FALSE,
m_confrec__c,salesordersu,/apex/listview?recType=confrec,312,Custom57Mru,FALSE,a5x,Selection Recommendation,1,,16,confrec,,34,Maintenance,FALSE,confrec__c,,FALSE,FALSE,FALSE,
m_confreq__c,salesordersu,/apex/listview?recType=confreq,312,Custom57Mru,FALSE,a5y,Selection Requirement,1,,16,confreq,,33,Maintenance,FALSE,confreq__c,,FALSE,FALSE,FALSE,
m_confsess__c,salesorder,/apex/listview?recType=confsess,312,Custom57Mru,FALSE,a60,Product Configurator,1,,15,confsess,,6,Processes,FALSE,confsess__c,,FALSE,FALSE,FALSE,
m_socustgateway__c,salesordersu,/apex/listview?rectype=socustgateway,981,Custom57Mru,FALSE,a8i,Customer Payment Gateway,1,,16,socustgateway,,31,Maintenance,FALSE,socustgateway__c,,FALSE,FALSE,FALSE,
m_sogateway__c,salesordersu,/apex/listview?rectype=sogateway,982,Custom57Mru,FALSE,a8j,Sales Order Payment Gateway,1,,16,sogateway,,32,FALSE,FALSE,sogateway__c,,FALSE,FALSE,FALSE,
m_printtemplatemapping__c,setup,/apex/listview?recType=PrintTemplateMapping,303,Custom57Mru,FALSE,a5m,Print Template Mapping,1,,1,printtemplatemapping,,29,,FALSE,printtemplatemapping__c,,FALSE,FALSE,FALSE,
m_noninventoryreqapproval__c,requisitions,/apex/RequisitionApproval,236,Custom57Mru,TRUE,,Non-Inventory Req Approval,1,,11,,,13,,FALSE,requisitionapproval,,FALSE,FALSE,FALSE,
m_mfgmachinemaster__c,shopfloor,/apex/listview?recType=rtmach,207,Custom57Mru,FALSE,a2B,Mfg Machine Master,1,,10,rtmach,,6,,FALSE,rtmach__c,,FALSE,FALSE,FALSE,
m_derivepurchmtlcostsfrompoactivity__c,stdcosts,/apex/stdsetcosts?mode=posetmtlcost,208,Custom57Mru,FALSE,,Derive Purch Mtl Costs from PO Activity,1,,18,,,2,,FALSE,stdsetcosts_posetmtlcost,,FALSE,FALSE,FALSE,
m_setsimpurchpricefrompoderivedcost__c,stdcosts,/apex/stdsetcosts?mode=icsetmtlsimcost,209,Custom57Mru,FALSE,,Set Sim Purch Price From PO Derived Cost,1,,18,,,3,,FALSE,stdsetcosts_icsetmtlsimcost,,FALSE,FALSE,FALSE,
m_generateapplysimulatedrollupcosts__c,stdcosts,/apex/stdsetcosts?mode=costrollup,210,Custom57Mru,FALSE,,Generate/Apply Simulated Rollup Costs,1,,18,,,4,,FALSE,stdsetcosts_costrollup,,FALSE,FALSE,FALSE,
m_quickbooks__c,quickbooks,/apex/QBSOInvoiceExport,271,Custom57Mru,FALSE,,Sales Invoice Export,1,,17,,,4,,FALSE,qbsoinvoiceexport,,FALSE,FALSE,FALSE,
m_salesorderinvoice__c,salesorder,/apex/listview?recType=soinv,,Custom57Mru,FALSE,a2o,SO Invoice,1,,15,soinv,20,8,Processes,FALSE,soinv__c,,FALSE,FALSE,FALSE,
ms_quickbooks__c,,,17,,FALSE,,Financials,0,,,,16,17,,FALSE,,,FALSE,FALSE,FALSE,
m_quickbooks__c,quickbooks,/apex/QBSytxncstExport,270,Custom57Mru,FALSE,,Cost Transaction Export,1,,17,,,3,,FALSE,qbsytxncstexport,,FALSE,FALSE,FALSE,
m_container__c,salesorder,/apex/listview?recType=socontainer,268,Custom57Mru,FALSE,a2f,Shipping Containers,1,,15,socontainer,,7,Processes,FALSE,socontainer__c,,FALSE,FALSE,FALSE,
m_quickbooks__c,quickbooks,/apex/QBExportVerify,273,Custom57Mru,FALSE,,Verify Cost Transaction Export,1,,17,,,2,,FALSE,qbexportverify,,FALSE,FALSE,FALSE,
m_itemusagehistory__c,inventorymgmt,/apex/listview?recType=icitmusag,133,Custom57Mru,FALSE,a0d,Item Usage History,1,,9,icitmusag,,17,Qty / Costs / Info,FALSE,icitmusag__c,,FALSE,FALSE,FALSE,
ms_costaccounting__c,,,3,,TRUE,,Cost Accounting,0,,,,15,3,,FALSE,,,FALSE,FALSE,FALSE,
ms_inventorytransactions__c,,,9,,FALSE,,Inventory Transactions,0,,,,6,9,,FALSE,,,FALSE,FALSE,FALSE,
ms_shopfloor__c,,,10,,FALSE,,Shop Floor,0,,,,2,10,,FALSE,,,FALSE,FALSE,FALSE,
m_custclassproddisc__c,salesordersu,/apex/listview?recType=soccpd,,Custom57Mru,FALSE,a2V,Customer Class Product Discount,1,,16,,,11,Setup,FALSE,soccpd__c,,FALSE,FALSE,FALSE,
m_socreditrelease__c,salesorder,/apex/socreditrelease,,Custom57Mru,FALSE,,Credit Release,1,,15,,,9,Processes,FALSE,socreditrelease,,FALSE,FALSE,FALSE,
m_fifocostrecord__c,inventorymgmt,/apex/listview?recType=icitemfifoseq,127,Custom57Mru,FALSE,a0W,FIFO Cost Record,1,,8,icitemfifoseq,,10,Qty / Costs / Info,FALSE,icitemfifoseq__c,,FALSE,FALSE,FALSE,
m_sopricebook__c,salesordersu,/apex/listview?recType=sopbk,,Custom57Mru,FALSE,a39,Price Books,1,,16,,,10,Setup,FALSE,sopbk__c,,FALSE,FALSE,FALSE,
m_salesregion__c,salesordersu,/apex/listview?recType=soregion,,Custom57Mru,FALSE,a2Z,Sales Region,1,,16,,,21,Setup,FALSE,soregion__c,,FALSE,FALSE,FALSE,
m_wooperationqtyreversal__c,disassembly,,106,,FALSE,,WO Operation Qty Reversal,1,,,,,6,Reversal,FALSE,,,FALSE,FALSE,FALSE,
m_woclose__c,workorders,,107,Custom57Mru,TRUE,,WO Close,1,,14,,,7,Maintenance,FALSE,,,FALSE,FALSE,FALSE,
m_woclosereversal__c,disassembly,,108,,FALSE,,WO Close Reversal,1,,,,,8,Reversal,FALSE,,,FALSE,FALSE,FALSE,
m_wolaborbooking__c,disassembly,,109,,FALSE,,WO Labor Booking,1,,,,,9,Booking,FALSE,,,FALSE,FALSE,FALSE,
m_wolaborreversal__c,disassembly,,110,,FALSE,,WO Labor Reversal,1,,,,,10,Reversal,FALSE,,,FALSE,FALSE,FALSE,
m_mrplaunch__c,forecastmrp,/apex/Mrp,111,Custom57Mru,FALSE,,MRP Launch,1,,5,,,2,,FALSE,mrp,,FALSE,FALSE,FALSE,
m_forecastdemand__c,forecastmrp,/apex/listview?recType=icfcstdmd,112,Custom57Mru,FALSE,a0S,Forecast Demand,1,,5,icfcstdmd,,1,,FALSE,icfcstdmd__c,,FALSE,FALSE,FALSE,
m_massfirm__c,forecastmrp,,113,,TRUE,,Mass Firm,1,,5,,,3,Import / Reports,FALSE,,,FALSE,FALSE,FALSE,
m_mpsreviewbyitem__c,forecastmrp,/apex/SupDmdRev?supdmdmode=horizontal,114,Custom57Mru,FALSE,,Summary Review by Item,1,,5,,,4,,FALSE,supdmdrev_summbyitem,,FALSE,FALSE,FALSE,
m_detailedmrpbyitem__c,forecastmrp,/apex/SupDmdRev,115,Custom57Mru,FALSE,,Detailed Review by Item,1,,5,,,5,,FALSE,supdmdrev_detailbyitem,,FALSE,FALSE,FALSE,
m_faxtemplates__c,forecastmrp,,116,,TRUE,,Fax Templates,1,,5,,,6,Import / Reports,FALSE,,,FALSE,FALSE,FALSE,
m_forecastimport__c,forecastmrp,,117,,TRUE,,Forecast Import,1,,5,,,7,Import / Reports,FALSE,,,FALSE,FALSE,FALSE,
m_mrpactionmsgsearch__c,forecastmrp,/apex/icmrprsch,118,Custom57Mru,FALSE,,MRP Action Msg Search,1,,5,,,9,,FALSE,icmrprsch,,FALSE,FALSE,FALSE,
m_mrpdatasync__c,forecastmrp,,119,,TRUE,,MRP Data Sync,1,,5,,,8,MRP,FALSE,,,FALSE,FALSE,FALSE,
m_inventoryitemaccounts__c,inventorymgmt,/apex/listview?recType=icitemacc,120,Custom57Mru,FALSE,a0U,Inventory Item Accounts,1,,8,icitemacc,,3,Qty / Costs / Info,FALSE,icitemacc__c,,FALSE,FALSE,FALSE,
m_inventoryitemstdcosts__c,inventorymgmt,/apex/listview?recType=icitemstd,121,Custom57Mru,FALSE,a0c,Inventory Item Std Costs,1,,8,icitemstd,,2,Qty / Costs / Info,FALSE,icitemstd__c,,FALSE,FALSE,FALSE,
m_resetsimulatedtostandarddate__c,stdcosts,/apex/listview?recType=csitem,217,,TRUE,,CSITEM,1,,20,,,11,,FALSE,csitem__c,,FALSE,FALSE,FALSE,
m_tapaytype__c,shopfloor,/apex/ListView?recType=tapaytype,,Custom57Mru,FALSE,a5p,Labor Pay Type,1,,10,,,10,,FALSE,tapaytype__c,,FALSE,FALSE,FALSE,
m_invitemstdcostsreport__c,inventorymgmt,,122,,TRUE,,Inv Item Std Costs Report,1,,8,,,21,Qty / Costs / Info,FALSE,,,FALSE,FALSE,FALSE,
m_itembystockloc__c,inventorymgmt,/apex/listview?recType=iclocitem,123,Custom57Mru,FALSE,a0f,Inventory By Location,1,,8,iclocitem,,6,Qty / Costs / Info,FALSE,iclocitem__c,,FALSE,FALSE,FALSE,
m_itembylotnumber__c,inventorymgmt,/apex/listview?recType=icitemlot,124,Custom57Mru,FALSE,a0X,Inventory By Lot Number,1,,8,icitemlot,,7,Qty / Costs / Info,FALSE,icitemlot__c,,FALSE,FALSE,FALSE,
m_BOL__c,salesorder,/apex/listview?recType=sobol,276,Custom57Mru,FALSE,a19,Bill Of Lading,1,,15,sobol,,14,Processes,FALSE,sobol__c,,FALSE,FALSE,FALSE,
m_itembyserialnumber__c,inventorymgmt,/apex/listview?recType=icitemsrl,125,Custom57Mru,FALSE,a0b,Inventory By Serial Number,1,,8,icitemsrl,,8,Qty / Costs / Info,FALSE,icitemsrl__c,,FALSE,FALSE,FALSE,
m_inventorycosttransactions__c,inventorymgmt,/apex/listview?recType=sytxncst,126,Custom57Mru,FALSE,a4F,Inventory Cost Transactions,1,,8,sytxncst,,9,Qty / Costs / Info,FALSE,sytxncst__c,,FALSE,FALSE,FALSE,
m_invitemaveragecostqty__c,inventorymgmt,/apex/listview?recType=icitemcst,127,Custom57Mru,FALSE,a0V,Inventory Item Average Cost / Quantity,1,,8,icitemcst,,10,Qty / Costs / Info,FALSE,icitemcst__c,,FALSE,FALSE,FALSE,
m_abcanalysis__c,abcanalysis,,128,,TRUE,,ABC Analysis,1,,7,,,11,,FALSE,,,FALSE,FALSE,FALSE,
m_stocklocationimport__c,inventorymgmt,,129,,TRUE,,Stock Location Import,1,,8,,,22,Qty / Costs / Info,FALSE,,,FALSE,FALSE,FALSE,
m_inventoryitemmaster__c,inventorymgmt,/apex/listview?recType=icitem,130,Custom57Mru,FALSE,a0T,Inventory Item Master,1,,8,icitem,,1,Qty / Costs / Info,FALSE,icitem__c,,FALSE,FALSE,FALSE,
m_itembyproject__c,inventorymgmt,/apex/listview?recType=icitemproj,131,Custom57Mru,FALSE,a0Y,Inventory By Item/Project,1,,8,icitemproj,,7,Qty / Costs / Info,FALSE,icitemproj__c,,FALSE,FALSE,FALSE,
m_stocklocationmove__c,inventorytrans,/apex/Stocklocmove,134,Custom57Mru,FALSE,,Inventory Location Move,1,,9,,,17,Transactions,FALSE,stocklocmove,,FALSE,FALSE,FALSE,
m_divisiontodivisiontransfer__c,inventorytrans,/apex/Stocklocdivsitemove,135,Custom57Mru,FALSE,,Division to Division Transfer,1,,9,,,5,Transactions,FALSE,stocklocdivsitemove,,FALSE,FALSE,FALSE,
m_miscadjust__c,inventorytrans,/apex/Stocklocadj?type=MISCADJ,137,Custom57Mru,TRUE,,Misc Adjust,1,,9,,,4,Transactions,FALSE,stocklocadj,,FALSE,FALSE,FALSE,
m_stocklocationadd__c,inventorytrans,/apex/Stocklocadd?type=LOCADD,138,Custom57Mru,FALSE,,Inventory Location Add,1,,9,,,3,Transactions,FALSE,stocklocadd,,FALSE,FALSE,FALSE,
m_projecttoprojectmove__c,inventorytrans,/apex/Stocklocprojmove,139,Custom57Mru,FALSE,,Inventory Project Move,1,,9,,,21,Transactions,FALSE,stocklocprojmove,,FALSE,FALSE,FALSE,
m_inventoryscrap__c,inventorytrans,/apex/Stocklocadj?type=INVLOCSCRP,140,Custom57Mru,TRUE,,Inventory Location Scrap,1,,9,,,2,Transactions,FALSE,stocklocadj,,FALSE,FALSE,FALSE,
m_inventoryadjust__c,inventorytrans,/apex/Stocklocadj2?type=INVADJ,141,Custom57Mru,FALSE,,Inventory Location Adjust,1,,9,,,1,Transactions,FALSE,stocklocadj2,,FALSE,FALSE,FALSE,
m_cyclecount__c,abcanalysis,/apex/Stocklocadj?type=CYCCOUNT,142,,TRUE,,Cycle Count,1,,7,,,5,,FALSE,stocklocadj,,FALSE,FALSE,FALSE,
m_customers__c,salesordersu,/apex/listview?recType=socust,177,Custom57Mru,FALSE,a2h,Customers,1,,16,socust,,2,Setup,FALSE,socust__c,,FALSE,FALSE,FALSE,
m_fobcodes__c,salesordersu,/apex/listview?recType=syfob,178,Custom57Mru,FALSE,a3r,FOB Codes,1,,16,syfob,,17,Setup,FALSE,syfob__c,,FALSE,FALSE,FALSE,
m_salesordercontrol__c,salesordersu,/apex/listview?recType=socntl,179,Custom57Mru,FALSE,a2X,SO Control,1,,16,socntl,,1,Setup,FALSE,socntl__c,,FALSE,FALSE,FALSE,
m_freighttermcodes__c,salesordersu,/apex/listview?recType=syfrghtrm,180,Custom57Mru,FALSE,a3s,Freight Terms,1,,16,syfrghtrm,,18,Setup,FALSE,syfrghtrm__c,,FALSE,FALSE,FALSE,
m_soentry__c,salesorder,/apex/listview?recType=sohdr,181,Custom57Mru,FALSE,a2k,SO Entry,1,,15,sohdr,,1,Processes,TRUE,sohdr__c,,TRUE,FALSE,FALSE,
m_soshipment__c,salesorder,/apex/SOShip,182,Custom57Mru,TRUE,,SO Shipment,1,,15,,,2,Processes,FALSE,soship,,FALSE,FALSE,FALSE,
m_wccapacityplanning__c,schcapplng,/apex/Wccptypln,183,Custom57Mru,FALSE,,Capacity Planning,1,,6,,,2,,FALSE,wccptypln,,FALSE,FALSE,FALSE,
m_woscheduling__c,schcapplng,/apex/Woscheduling,184,Custom57Mru,FALSE,,WO Scheduling,1,,6,,,1,,FALSE,woscheduling,,FALSE,FALSE,FALSE,
m_poapmatch__c,purchasings,/apex/POAPMatch,,Custom57Mru,FALSE,,PO-AP Match,1,,12,,,10,Processes,FALSE,poapmatch,,FALSE,FALSE,FALSE,
ms_standardcosts__c,,,18,,FALSE,,Standard Costs,0,,,,15,18,,FALSE,,,FALSE,FALSE,FALSE,
ms_systemsetup__c,,,1,,FALSE,,System Setup,0,,,,25,1,,FALSE,,,FALSE,FALSE,FALSE,
ms_inventorymanagement__c,,,8,,FALSE,,Inventory Management,0,,,,7,8,,FALSE,,,FALSE,FALSE,FALSE,
m_custclassprodgrpdisc__c,salesordersu,/apex/listview?recType=soccccd,,Custom57Mru,FALSE,a2S,Customer Class Product Group Discounts,1,,16,soccccd,,13,Setup,FALSE,soccccd__c,,FALSE,FALSE,FALSE,
m_containertype__c,salesordersu,/apex/listview?recType=socontype,267,Custom57Mru,FALSE,a2G,Container Type,1,,16,socontype,,16,Setup,FALSE,socontype__c,,FALSE,FALSE,FALSE,
m_custprodgrpdiscounts__c,salesordersu,/apex/listview?recType=socccd,,Custom57Mru,FALSE,a2T,Customer Product Group Discounts,1,,16,socccd,,12,Setup,FALSE,socccd__c,,FALSE,FALSE,FALSE,
m_componentpricemaint__c,salesordersu,/apex/listview?recType=socompp,,Custom57Mru,FALSE,a2b,Component Price Maint,1,,16,socompp,,9,Setup,FALSE,socompp__c,,FALSE,FALSE,FALSE,
m_serviceitemmaster__c,salesordersu,/apex/listview?recType=soservice,,Custom57Mru,FALSE,a3S,Service Items,1,,16,soservice,,6,Setup,FALSE,soservice__c,,FALSE,FALSE,FALSE,
m_stateprovince__c,setup,/apex/listview?recType=systate,261,Custom57Mru,FALSE,a4C,State / Province,1,,1,systate,,22,Maintenance,FALSE,systate__c,,FALSE,FALSE,FALSE,
m_setstandardcostsfromsimulated__c,stdcosts,/apex/stdsetcosts?mode=cssimstdmove,211,Custom57Mru,FALSE,,Set Standard Costs from Simulated,1,,18,,,5,,FALSE,stdsetcosts_cssimstdmove,,FALSE,FALSE,FALSE,
m_itemstdcostmaint__c,stdcosts,/apex/listview?recType=icitemstd,212,,TRUE,,Item Std Cost Maint,1,,20,,,6,,FALSE,icitemstd__c,,FALSE,FALSE,FALSE,
m_costedbomreport__c,stdcosts,/apex/IndentedBOM2?iscosted=true,213,Custom57Mru,FALSE,,Costed BOM Report,1,,18,,,7,,FALSE,indentedbom2,,FALSE,FALSE,FALSE,
m_copysimcoststostd__c,stdcosts,/apex/stdsetcosts?mode=cssimstdmove,214,,TRUE,,Copy Sim Costs to Std,1,,20,,,8,,FALSE,stdsetcosts,,FALSE,FALSE,FALSE,
m_poitemcostcuravgcosttohist__c,stdcosts,,215,,TRUE,,PO Item Cost Cur Avg Cost to Hist,1,,20,,,9,,FALSE,,,FALSE,FALSE,FALSE,
m_resetsimulatedtostandarddate__c,stdcosts,,216,,TRUE,,Reset Simulated to Standard Date,1,,20,,,10,,FALSE,,,FALSE,FALSE,FALSE,
m_productmaster__c,salesordersu,/apex/listview?recType=soprod,176,Custom57Mru,FALSE,a3M,Products,1,,16,soprod,,4,Setup,FALSE,soprod__c,,FALSE,FALSE,FALSE,
m_vendormaster__c,purchasings,/apex/listview?recType=povend,160,Custom57Mru,FALSE,a22,Vendor Master,1,,12,povend,,2,Maintenance,FALSE,povend__c,,FALSE,FALSE,FALSE,
m_poitemmaster__c,purchasings,/apex/listview?recType=poitem,161,Custom57Mru,FALSE,a1l,PO Item Master,1,,12,poitem,,1,Maintenance,FALSE,poitem__c,,FALSE,FALSE,FALSE,
m_inventoryrequisitions__c,requisitions,/apex/listview?recType=icreq,163,Custom57Mru,FALSE,a0k,Inventory Requisitions,1,,11,icreq,,3,,FALSE,icreq__c,,FALSE,FALSE,FALSE,
m_poentry__c,purchasings,/apex/listview?recType=pohdr,164,Custom57Mru,FALSE,a1i,PO Entry,1,,12,pohdr,,4,Processes,FALSE,pohdr__c,,FALSE,FALSE,FALSE,
m_woworkbench__c,workorders,/apex/listview?recType=wocst,217,Custom57Mru,FALSE,a4P,Work Orders,1,,14,wocst,,1,Processes,FALSE,wocst__c,,FALSE,FALSE,FALSE,
m_massfirmworkorders__c,workorders,/apex/wocstfirm,218,Custom57Mru,FALSE,,Mass Firm Work Orders,1,,14,,,2,Processes,FALSE,wocstfirm,,FALSE,FALSE,FALSE,
m_wocomponents__c,workorders,/apex/listview?recType=woorddmd,219,Custom57Mru,FALSE,a4T,WO Components,1,,14,woorddmd,,15,WO Details,FALSE,woorddmd__c,,FALSE,FALSE,FALSE,
m_wotraveler__c,workorders,/apex/WOTraveler,220,Custom57Mru,FALSE,,WO Traveler,1,,14,,,4,Processes,FALSE,wotraveler,,FALSE,FALSE,FALSE,
m_wopicklist__c,workorders,/apex/WOPickList,221,Custom57Mru,FALSE,,WO Pick List,1,,14,,,5,Processes,FALSE,wopicklist,,FALSE,FALSE,FALSE,
m_woissuereversal__c,workorders,/apex/Woissuer,222,Custom57Mru,FALSE,,WO Issue Reversal,1,,14,,,22,Reversals,FALSE,woissuer,,FALSE,FALSE,FALSE,
m_woserial__c,workorders,/apex/listview?recType=woordsrl,223,Custom57Mru,FALSE,a4X,WO Serial,1,,14,woordsrl,,7,Processes,FALSE,woordsrl__c,,FALSE,FALSE,FALSE,
m_workcenterdispatchlist__c,schcapplng,/apex/Wctrdsptch,224,Custom57Mru,FALSE,,WC Dispatch List,1,,6,,,8,,FALSE,wctrdsptch,,FALSE,FALSE,FALSE,
m_wooperations__c,workorders,/apex/listview?recType=woordop,225,Custom57Mru,FALSE,a4V,WO Operations,1,,14,woordop,,9,WO Details,FALSE,woordop__c,,FALSE,FALSE,FALSE,
m_wooperationqtybooking__c,workorders,/apex/Opqtybook,226,Custom57Mru,TRUE,,WO Operation Qty Booking,1,,14,,,10,Processes,FALSE,opqtybook,,FALSE,FALSE,FALSE,
m_wooperationqtyreversal__c,workorders,,227,Custom57Mru,TRUE,,WO Operation Qty Reversal,1,,14,,,11,Reversals,FALSE,,,FALSE,FALSE,FALSE,
m_woreceipt__c,workorders,/apex/Woreceipt,230,Custom57Mru,FALSE,,WO Receipt,1,,14,,,8,Processes,FALSE,woreceipt,,FALSE,FALSE,FALSE,
m_woissue__c,workorders,/apex/Woissue,231,Custom57Mru,FALSE,,WO Issue,1,,14,,,5,Processes,FALSE,woissue,,FALSE,FALSE,FALSE,
m_wolabormachinebooking__c,workorders,/apex/Labmachbook,232,Custom57Mru,TRUE,,Labor & Machine Booking,1,,14,,,6,Processes,FALSE,labmachbook,,FALSE,FALSE,FALSE,
m_wolaborreversal__c,workorders,,233,Custom57Mru,TRUE,,WO Labor Reversal,1,,14,,,17,Reversals,FALSE,,,FALSE,FALSE,FALSE,
m_woreceiptreversal__c,workorders,/apex/Woreceiptr,234,Custom57Mru,FALSE,,WO Receipt Reversal,1,,14,,,23,Reversals,FALSE,woreceiptr,,FALSE,FALSE,FALSE,
m_woworkbench__c,disassembly,,101,,FALSE,,Work Orders,1,,,,,1,Maintenance,FALSE,,,FALSE,FALSE,FALSE,
m_shopcalendar__c,setup,/apex/listview?recType=shopcal,196,Custom57Mru,FALSE,a2I,Shop Calendar,1,,1,,,18,Initial Setup,FALSE,shopcal__c,,FALSE,FALSE,FALSE,
m_scrapreasoncodes__c,setup,/apex/listview?recType=syscrap,197,Custom57Mru,FALSE,a49,Scrap Reason Codes,1,,1,syscrap,,19,Maintenance,FALSE,syscrap__c,,FALSE,FALSE,FALSE,
m_installation__c,setup,/apex/listview?recType=syinstall,198,Custom57Mru,TRUE,,Installation,1,,1,syinstall,,1,Initial Setup,FALSE,syinstall__c,,FALSE,FALSE,FALSE,
m_companymaster__c,setup,/apex/listview?recType=sycmp,199,Custom57Mru,FALSE,a3k,Company Master,1,,1,sycmp,,2,Initial Setup,FALSE,sycmp__c,,FALSE,FALSE,FALSE,
m_divisionmaster__c,setup,/apex/listview?recType=sydiv,200,Custom57Mru,FALSE,a3p,Division Master,1,,1,sydiv,,3,Initial Setup,FALSE,sydiv__c,,FALSE,FALSE,FALSE,
m_employees__c,setup,/005,201,Custom57Mru,FALSE,,Employees,1,,1,,,4,Initial Setup,FALSE,sf_user,,FALSE,FALSE,FALSE,
m_mfglaborgrades__c,shopfloor,/apex/listview?recType=rtlabgrd,202,Custom57Mru,FALSE,a2A,Mfg Labor Grades,1,,10,rtlabgrd,,5,,FALSE,rtlabgrd__c,,FALSE,FALSE,FALSE,
m_mfgdepartments__c,shopfloor,/apex/listview?recType=rtdept,203,Custom57Mru,FALSE,a29,Mfg Departments,1,,10,rtdept,,2,,FALSE,rtdept__c,,FALSE,FALSE,FALSE,
m_mfgworkcenters__c,shopfloor,/apex/listview?recType=rtwctr,204,Custom57Mru,FALSE,a2F,Mfg Work Centers,1,,10,rtwctr,,4,,FALSE,rtwctr__c,,FALSE,FALSE,FALSE,
m_mfgprocesses__c,shopfloor,/apex/listview?recType=rtproc,205,Custom57Mru,FALSE,a2C,Mfg Processes,1,,10,rtproc,,4,,FALSE,rtproc__c,,FALSE,FALSE,FALSE,
m_routingmaster__c,shopfloor,/apex/listview?recType=rtrouthdr,206,Custom57Mru,FALSE,a2D,Routing Master,1,,10,rtrouthdr,,1,,FALSE,rtrouthdr__c,,FALSE,FALSE,FALSE,
m_wooperationcost__c,workorders,/apex/listview?recType=wopcst,245,Custom57Mru,FALSE,a4Z,WO Operation Cost,1,,14,wopcst,,21,WO Details,FALSE,wopcst__c,,FALSE,FALSE,FALSE,
m_wooperationlocation__c,workorders,/apex/listview?recType=woploc,242,Custom57Mru,FALSE,a4a,WO Operation Location,1,,14,woploc,,20,WO Details,FALSE,woploc__c,,FALSE,FALSE,FALSE,
m_wooperationschedule__c,workorders,/apex/listview?recType=wopsch,241,Custom57Mru,FALSE,a4b,WO Operation Schedule,1,,14,wopsch,,19,Processes,FALSE,wopsch__c,,FALSE,FALSE,FALSE,
m_wocomponentdetails__c,workorders,/apex/listview?recType=woorddmdcst,243,Custom57Mru,FALSE,a4U,WO Component Details,1,,14,woorddmdcst,,18,WO Details,FALSE,woorddmdcst__c,,FALSE,FALSE,FALSE,
ms_requisitions__c,,,11,,FALSE,,Requisitions,0,,,,9,11,,FALSE,,,FALSE,FALSE,FALSE,
ms_salesorder__c,,,15,,FALSE,,Sales Order Processes,0,,,,12,15,,FALSE,,,FALSE,FALSE,FALSE,
ms_abccyclecount__c,,,7,,TRUE,,ABC Cycle Count,0,,,,7,,,FALSE,,,FALSE,FALSE,FALSE,
ms_forecastingmrp__c,,,5,,FALSE,,Forecasting-MRP,0,,,,4,5,,FALSE,,,FALSE,FALSE,FALSE,
ms_salesordersu__c,,,16,,FALSE,,Sales Order Setup,0,,,,14,16,,FALSE,,,FALSE,FALSE,FALSE,
ms_workorders__c,,,14,,FALSE,,Work Orders,0,,,,11,14,,FALSE,,,FALSE,FALSE,FALSE,
ms_mfgengineering__c,,,4,,FALSE,,Mfg Engineering,0,,,,1,4,,FALSE,,,FALSE,FALSE,FALSE,
ms_schedulingcapacityplanning__c,,,6,,FALSE,,Scheduling-Capacity Planning,0,,,,5,6,,FALSE,,,FALSE,FALSE,FALSE,
ms_purchasing__c,,,12,,FALSE,,Purchasing,0,,,,10,12,,FALSE,,,FALSE,FALSE,FALSE,
ms_projectcontrol__c,,,2,,FALSE,,Project Control,0,,,,3,2,,FALSE,,,FALSE,FALSE,FALSE,
m_invcyclecountcontrols__c,abcanalysis,/apex/listview?recType=icparm,256,Custom57Mru,TRUE,,Inv Cycle Count Controls,1,,7,icparm,,19,,FALSE,icparm__c,,FALSE,FALSE,FALSE,
m_divisionaddress__c,setup,/apex/listview?recType=sydivaddr,257,Custom57Mru,FALSE,a3q,Division Address,1,,1,sydivaddr,,20,Initial Setup,FALSE,sydivaddr__c,,FALSE,FALSE,FALSE,
m_odccodemaintenance__c,purchasings,/apex/listview?recType=syodc,258,Custom57Mru,FALSE,a42,ODC Code Maintenance,1,,12,syodc,,15,Maintenance,FALSE,syodc__c,,FALSE,FALSE,FALSE,
m_poapcontrol__c,purchasings,/apex/listview?recType=syapcntl,259,Custom57Mru,FALSE,a3g,PO-AP Control,1,,12,syapcntl,,16,Maintenance,FALSE,syapcntl__c,,FALSE,FALSE,FALSE,
m_customerclass__c,salesordersu,/apex/listview?recType=socclass,261,Custom57Mru,FALSE,a2U,Customer Class,1,,16,socclass,,3,Setup,FALSE,socclass__c,,FALSE,FALSE,FALSE,
m_currencymaster__c,setup,/apex/listview?recType=sycurr,260,Custom57Mru,FALSE,a3m,Currency Master,1,,1,sycurr,,21,Initial Setup,FALSE,sycurr__c,,FALSE,FALSE,FALSE,
m_taxlocation__c,salesordersu,/apex/listview?recType=sotax,262,Custom57Mru,FALSE,a3Y,Tax Locations,1,,16,sotax,,24,Setup,FALSE,sotax__c,,FALSE,FALSE,FALSE,
m_poapprovalmaint__c,purchasings,/apex/PurchOrdAppvlMaint,263,,TRUE,,PO Approval Maint,1,,12,,,18,Maintenance,FALSE,purchordappvlmaint,,FALSE,FALSE,FALSE,
m_salesordertype__c,salesordersu,/apex/listview?recType=sootype,266,Custom57Mru,FALSE,a36,Sales Order Type,1,,16,sootype,,22,Setup,TRUE,sootype__c,,FALSE,FALSE,FALSE,
m_salesperson__c,salesordersu,/apex/listview?recType=sosales,265,Custom57Mru,FALSE,a3Q,Salesperson,1,,16,sosales,,20,Setup,FALSE,sosales__c,,FALSE,FALSE,FALSE,
m_dimensionsourceoverride__c,setup,/apex/listview?recType=sydimovr,262,Custom57Mru,FALSE,a0u,Dimension Source Override,1,,1,sydimovr,,23,Initial Setup,FALSE,sydimovr__c,,FALSE,FALSE,FALSE,
m_stocklocnumber__c,setup,/apex/listview?recType=sylocnum,,Custom57Mru,FALSE,a3z,Stock Location Numbers,1,,1,sylocnum,,14,Maintenance,FALSE,sylocnum__c,,FALSE,FALSE,FALSE,
sylocnum,setup,/apex/listview?recType=sylocnum,262,Custom57Mru,TRUE,,Inventory Location Number,1,,1,sylocnum,,13,Maintenance,FALSE,sylocnum__c,,FALSE,FALSE,FALSE,
m_salesorderworkbench__c,salesorder,/apex/SalesOrderWorkbench,,Custom57Mru,FALSE,,SO Fulfillment,1,,15,,,2,Processes,FALSE,salesorderworkbench,,FALSE,FALSE,FALSE,
ms_packaging__c,,,16,,TRUE,,Packaging,0,,,,13,,,FALSE,,,FALSE,FALSE,FALSE,
m_engbomqueryedit__c,mfgengineering,/apex/Pebomqry,151,Custom57Mru,FALSE,,Engineering BOM Query/Edit,1,,4,,,3,,FALSE,pebomqry,,FALSE,FALSE,FALSE,
m_ecoreasons__c,mfgengineering,/apex/listview?recType=pecor,152,Custom57Mru,FALSE,a1O,ECO Reasons,1,,4,pecor,,10,,FALSE,pecor__c,,FALSE,FALSE,FALSE,
m_engbommaster__c,mfgengineering,/apex/listview?recType=pebom,153,Custom57Mru,FALSE,a1K,Engineering BOM Master,1,,4,pebom,,4,,FALSE,pebom__c,,FALSE,FALSE,FALSE,
m_projectmaster__c,projectcontrol,/apex/listview?recType=pjproj,154,Custom57Mru,FALSE,a1T,Project Master,1,,2,pjproj,,1,,FALSE,pjproj__c,,FALSE,FALSE,FALSE,
m_projecttoprojectmove__c,projectcontrol,,156,,TRUE,,Project to Project Move,1,,2,,,3,,FALSE,,,FALSE,FALSE,FALSE,
m_itembyproject__c,projectcontrol,/apex/listview?recType=icitemproj,157,Custom57Mru,FALSE,a0Y,Inventory By Item/Project,1,,2,icitemproj,,4,,FALSE,icitemproj__c,,FALSE,FALSE,FALSE,
m_projectbudgetcost__c,projectcontrol,/apex/listview?recType=pjprojcst,158,Custom57Mru,FALSE,a1U,Project Budget/Cost,1,,2,pjprojcst,,5,,FALSE,pjprojcst__c,,FALSE,FALSE,FALSE,
m_pocontrolrecord__c,purchasings,/apex/listview?recType=pocntl,159,Custom57Mru,FALSE,a1d,PO Control Record,1,,12,pocntl,,11,Maintenance,FALSE,pocntl__c,,FALSE,FALSE,FALSE,
m_wooperationqtybooking__c,disassembly,,105,,FALSE,,WO Operation Qty Booking,1,,,,,5,Booking,FALSE,,,FALSE,FALSE,FALSE,
m_customerproductprice__c,salesordersu,/apex/listview?recType=sopc,,Custom57Mru,FALSE,a3B,Customer Product,1,,16,sopc,,7,Setup,FALSE,sopc__c,,FALSE,FALSE,FALSE,
m_souserstatus__c,salesordersu,/apex/listview?recType=soustat,,Custom57Mru,FALSE,a3Z,User Status,1,,16,soustat,,25,Setup,FALSE,soustat__c,,FALSE,FALSE,FALSE,
m_woscrap__c,workorders,/apex/woscrap,230,Custom57Mru,TRUE,,WO Scrap,1,,14,,,7,Processes,FALSE,woscrap,,FALSE,FALSE,FALSE,
m_poitemreceipts__c,purchasings,/apex/POReceipt,166,Custom57Mru,FALSE,,Purchase Order Receipts,1,,12,,,7,Processes,FALSE,poreceipt,,FALSE,FALSE,FALSE,
m_polinedetail__c,purchasings,/apex/listview?recType=poline,167,Custom57Mru,FALSE,a1o,PO Line Detail,1,,12,,,5,Maintenance,FALSE,poline__c,,FALSE,FALSE,FALSE,
m_requisitionworkbench__c,requisitions,/apex/icreqfirm,165,Custom57Mru,FALSE,,Requisition Workbench,1,,11,,,5,,FALSE,icreqfirm,,FALSE,FALSE,FALSE,
m_poitemcost__c,stdcosts,/apex/listview?recType=poitemcst,168,Custom57Mru,FALSE,a1m,PO Item Cost,1,,18,poitemcst,,1,,FALSE,poitemcst__c,,FALSE,FALSE,FALSE,
m_porequisitiondemand__c,requisitions,,170,,TRUE,,PO Requisition Demand,1,,11,,,20,,FALSE,,,FALSE,FALSE,FALSE,
m_itemvendormaster__c,purchasings,/apex/listview?recType=poitemvend,171,Custom57Mru,FALSE,a1n,Item / Vendor Master,1,,12,poitemvend,,3,Maintenance,FALSE,poitemvend__c,,FALSE,FALSE,FALSE,
m_productgroupcode__c,salesordersu,/apex/listview?recType=socomm,173,Custom57Mru,FALSE,a2a,Product Groups,1,,16,socomm,,5,Setup,FALSE,socomm__c,,FALSE,FALSE,FALSE,
m_carriercodes__c,salesordersu,/apex/listview?recType=sycarrier,174,Custom57Mru,FALSE,a3j,Carriers,1,,16,sycarrier,,15,Setup,FALSE,sycarrier__c,,FALSE,FALSE,FALSE,
m_shipviatypecodes__c,salesordersu,/apex/listview?recType=syshipviatype,175,Custom57Mru,FALSE,a4A,Shipping Methods,1,,16,syshipviatype,,23,Setup,FALSE,syshipviatype__c,,FALSE,FALSE,FALSE,
m_poreceiptreversals__c,purchasings,/apex/POReceiptr,274,Custom57Mru,FALSE,,PO Receipt Reversals,1,,12,,,18,Processes,FALSE,poreceiptr,,FALSE,FALSE,FALSE,
m_invcommoditycode__c,setup,/apex/listview?recType=iccomcod,188,Custom57Mru,FALSE,a0O,Inventory Comm Code,1,,1,iccomcod,,17,Maintenance,FALSE,iccomcod__c,,FALSE,FALSE,FALSE,
m_sitemaster__c,setup,/apex/listview?recType=sysite,189,Custom57Mru,FALSE,a4B,Site Master,1,,1,sysite,,11,Initial Setup,FALSE,sysite__c,,FALSE,FALSE,FALSE,
m_mfgusernumbers__c,setup,/apex/listview?recType=syusr,190,Custom57Mru,FALSE,a4I,Manufacturing Users,1,,1,syusr,,6,Initial Setup,FALSE,syusr__c,,FALSE,FALSE,FALSE,
m_glaccounts__c,setup,/apex/listview?recType=syqbcoa,191,Custom57Mru,TRUE,,GL Accounts,1,,1,syqbcoa,,15,Initial Setup,FALSE,syqbcoa__c,,FALSE,FALSE,FALSE,
m_poreceiptrouting__c,setup,/apex/listview?recType=porcvgtype,192,Custom57Mru,TRUE,,PO Receipt Routing,1,,1,porcvgtype,,15,,FALSE,porcvgtype__c,,FALSE,FALSE,FALSE,
m_mfgaccounts__c,setup,/apex/listview?recType=syacc,193,Custom57Mru,FALSE,a3d,Mfg Accounts,1,,1,syacc,,16,Initial Setup,FALSE,syacc__c,,FALSE,FALSE,FALSE,
m_unitofmeasuremaster__c,setup,/apex/listview?recType=syuom,194,Custom57Mru,FALSE,a4H,Unit Of Measure Master,1,,1,syuom,,12,Maintenance,FALSE,syuom__c,,FALSE,FALSE,FALSE,
m_poreceiptoperations__c,setup,/apex/listview?recType=porcvgop,195,Custom57Mru,TRUE,,PO Receipt Operations,1,,1,porcvgop,,16,Reference,FALSE,porcvgop__c,,FALSE,FALSE,FALSE,
m_mfgengitemmaster__c,mfgengineering,/apex/listview?recType=peitem,148,Custom57Mru,FALSE,a1P,Engineering Item Master,1,,4,peitem,,1,,FALSE,peitem__c,,FALSE,FALSE,FALSE,
m_engrevisionsedit__c,mfgengineering,/apex/listview?recType=peitemrev,149,Custom57Mru,FALSE,a1R,Engineering Revisions,1,,4,peitemrev,,2,,FALSE,peitemrev__c,,FALSE,FALSE,FALSE,
m_ecomaster__c,mfgengineering,/apex/listview?recType=pecoh,150,Custom57Mru,FALSE,a1M,ECO Master,1,,4,pecoh,,9,,FALSE,pecoh__c,,FALSE,FALSE,FALSE,
m_engbommassadd__c,mfgengineering,/apex/BOMMassAdd,143,Custom57Mru,FALSE,,Engineering BOM Mass Add,1,,4,,,5,,FALSE,bommassadd,,FALSE,FALSE,FALSE,
m_soshipment__c,salesorder,/apex/listview?recType=soship,275,Custom57Mru,FALSE,a3T,SO Shipper,1,,15,soship,,5,Processes,TRUE,soship__c,,FALSE,FALSE,FALSE,
m_fastforecastentry__c,forecastmrp,/apex/Fastforecastentry,112,Custom57Mru,FALSE,,Forecast Fast Entry,1,,5,icfcstdmd,,1,,FALSE,fastforecastentry,,FALSE,FALSE,FALSE,
m_sormastat__c,salesordersu,/apex/listView?recType=sormastat,281,Custom57Mru,FALSE,a4s,RMA Status,1,,16,sormastat,,26,Setup,FALSE,sormastat__c,,FALSE,FALSE,FALSE,
m_quickbooks__c,quickbooks,/apex/listView?recType=syqbcoa,,Custom57Mru,FALSE,a4i,G/L Account,1,,17,,,5,,FALSE,syqbcoa__c,,FALSE,FALSE,FALSE,
m_soppy__c,salesorder,/apex/listView?recType=soppy,284,Custom57Mru,FALSE,a3J,Prepayment,1,,15,soppy,,10,Processes,FALSE,soppy__c,,FALSE,FALSE,FALSE,
m_openpobarcode__c,purchasings,/apex/openpobarcode,,Custom57Mru,FALSE,,Open PO Lines /w Bar Code,1,,12,,,17,Processes,FALSE,openpobarcode,,FALSE,FALSE,FALSE,
m_pjstatus__c,pjstatus,/apex/listview?recType=pjstatus,283,Custom57Mru,FALSE,a4u,Project Status,1,,2,pjstatus,,6,,FALSE,pjstatus__c,,FALSE,FALSE,FALSE,
m_soagh__c,salesordersu,/apex/ListView?recType=soagh,,Custom57Mru,FALSE,a2K,Customer Agreements,1,,16,,,8,Setup,FALSE,soagh__c,,FALSE,FALSE,FALSE,
m_packingslip__c,salesorder,/apex/listview?recType=sopack,277,Custom57Mru,FALSE,a37,Packing Slip,1,,15,sopack,,13,Processes,FALSE,sopack__c,,FALSE,FALSE,FALSE,
m_laborclockinout__c,workorders,/apex/laborclockinout,278,Custom57Mru,FALSE,,Time & Quantity Booking,1,,14,,,6,Processes,FALSE,laborclockinout,,FALSE,FALSE,FALSE,
m_laborqtybookingreversal,workorders,/apex/laborqtybookingreversal,279,Custom57Mru,FALSE,,Time & Quantity Booking Reversals,1,,14,,,24,Processes,FALSE,laborqtybookingreversal,,FALSE,FALSE,FALSE,
m_sormh__c,salesorder,/apex/listview?recType=sormh,280,Custom57Mru,FALSE,a55,Returned Material (RMA),1,,15,sormh,,11,Processes,FALSE,sormh__c,,FALSE,FALSE,FALSE,
m_syconfig__c,setup,/apex/listview?recType=helpsetup,,Custom57Mru,TRUE,,Page Help Setup,1,,1,syconfig,,27,Maintenance,FALSE,helpsetup__c,,FALSE,FALSE,FALSE,
m_wooperationswip__c,workorders,/apex/listview?recType=wopwip,244,Custom57Mru,FALSE,a4d,WO Operations WIP,1,,14,wopwip,,8,WO Details,FALSE,wopwip__c,,FALSE,FALSE,FALSE,
m_costacctusercontrolrecord__c,setup,/apex/listview?recType=csusracctcntl,247,Custom57Mru,FALSE,a0E,Cost Acct User Control Record,1,,1,csusracctcntl,,25,Maintenance,FALSE,csusracctcntl__c,,FALSE,FALSE,FALSE,
m_mrprequirements__c,forecastmrp,/apex/listview?recType=icixr,249,Custom57Mru,TRUE,,MRP Requirements,1,,5,icixr,,6,MRP,FALSE,icixr__c,,FALSE,FALSE,FALSE,
m_costaccountingcontrolrecord__c,setup,/apex/listview?recType=csacctcntl,246,Custom57Mru,FALSE,a0C,Cost Accounting Control Record,1,,1,csacctcntl,,24,Maintenance,FALSE,csacctcntl__c,,FALSE,FALSE,FALSE,
m_wooperationactual__c,workorders,/apex/listview?recType=woordopact,248,Custom57Mru,FALSE,a4W,WO Operation Actual,1,,14,woordopact,,5,WO Details,FALSE,woordopact__c,,FALSE,FALSE,FALSE,
m_costtransactionquery__c,inventorytrans,/apex/Csttransqry,252,Custom57Mru,FALSE,,Cost Transaction Query,1,,9,,,7,Transactions,FALSE,csttransqry,,FALSE,FALSE,FALSE,
m_authorizers__c,setup,/apex/listview?recType=syauth,255,Custom57Mru,FALSE,a3i,Authorizers,1,,1,syauth,,8,Maintenance,FALSE,syauth__c,,FALSE,FALSE,FALSE,
m_cyclecountreport__c,inventorymgmt,/apex/CycleCountReport,,Custom57Mru,TRUE,,Cycle Count Report,1,,8,,,11,Qty / Costs / Info,FALSE,cyclecountreport,,FALSE,FALSE,FALSE,
m_organizationaldepts__c,setup,/apex/listview?recType=syorg,185,Custom57Mru,FALSE,a44,Organizational Depts,1,,1,syorg,,9,Maintenance,FALSE,syorg__c,,FALSE,FALSE,FALSE,
m_uomconversionfactors__c,setup,/apex/listview?recType=syumcf,186,Custom57Mru,FALSE,a4G,UOM Conversion Factors,1,,1,syumcf,,13,Maintenance,FALSE,syumcf__c,,FALSE,FALSE,FALSE,
m_stocklocidmaster__c,setup,/apex/listview?recType=sylocid,187,Custom57Mru,FALSE,a3y,Inventory Location IDs,1,,1,sylocid,,14,Maintenance,FALSE,sylocid__c,,FALSE,FALSE,FALSE,
m_ordernumberassign__c,setup,/apex/listview?recType=syordnumassign,185,Custom57Mru,FALSE,a43,Order Number Assign,1,,1,syordnumassign,,10,Initial Setup,FALSE,syordnumassign__c,,FALSE,FALSE,FALSE,
m_soreasoncodes__c,salesordersu,/apex/listview?recType=soreason,264,Custom57Mru,FALSE,a3P,Reason Codes,1,,16,soreason,,19,Setup,FALSE,soreason__c,,FALSE,FALSE,FALSE,
m_quickbooks__c,quickbooks,/apex/SyqbcoaImport,269,Custom57Mru,FALSE,,Chart of Accounts Import,1,,17,,,1,,FALSE,syqbcoaimport,,FALSE,FALSE,FALSE,
m_noninventoryauthorization__c,requisitions,/apex/RequisitionAuth,238,Custom57Mru,TRUE,,Non-Inventory Authorization,1,,11,,,15,,FALSE,requisitionauth,,FALSE,FALSE,FALSE,
m_purchaseorderauthorization__c,purchasings,/apex/PurchOrdAuth,239,Custom57Mru,FALSE,,PO Authorization,1,,12,,,9,Processes,FALSE,purchordauth,,FALSE,FALSE,FALSE,
m_salescommission__c,salesorder,/apex/salescommission,,Custom57Mru,FALSE,,Sales Commission,1,,15,,,15,Processes,FALSE,salescommission,,FALSE,FALSE,FALSE,
m_sowarrtype__c,salesordersu,/apex/ListView?recType=sowarrtype,,Custom57Mru,FALSE,a50,Warranty Type,1,,16,,,27,Setup,FALSE,sowarrtype__c,,FALSE,FALSE,FALSE,
m_sowarr__c,salesorder,/apex/ListView?recType=sowarr,,Custom57Mru,FALSE,a57,Shipped Item Warranty,1,,15,,,12,Processes,FALSE,sowarr__c,,FALSE,FALSE,FALSE,
m_engbommassreplace__c,mfgengineering,/apex/PebomReplace,285,Custom57Mru,FALSE,,BOM Mass Replace,1,,4,,,6,,FALSE,pebomreplace,,FALSE,FALSE,FALSE,
m_icdhr__c,inventorymgmt,/apex/ListView?recType=icdhr,,Custom57Mru,FALSE,a5A,Device History Record,1,,8,,,12,,FALSE,icdhr__c,,FALSE,FALSE,FALSE,
m_icsrllink__c,inventorymgmt,/apex/ListView?recType=icsrllink,,Custom57Mru,FALSE,a5C,Item Serial Manual Link,1,,8,,,13,,FALSE,icsrllink__c,,FALSE,FALSE,FALSE,
m_missinginvitemsforbomcomponents__c,mfgengineering,,144,,TRUE,,Missing Inv Items for BOM Components,1,,4,,,10,,FALSE,,,FALSE,FALSE,FALSE,
m_indentedbom__c,mfgengineering,/apex/IndentedBOM2,145,Custom57Mru,FALSE,,Indented BOM,1,,4,,,7,,FALSE,indentedbom2,,FALSE,FALSE,FALSE,
m_slcostedbomreport__c,mfgengineering,/apex/IndentedBOM?issl=true,146,,TRUE,,S/L Costed BOM Report,1,,4,,,11,,FALSE,indentedbom,,FALSE,FALSE,FALSE,
m_engbomcopy__c,mfgengineering,/apex/BOMCopy,147,Custom57Mru,FALSE,,Engineering BOM Copy,1,,4,,,5,,FALSE,bomcopy,,FALSE,FALSE,FALSE,
m_wcoperassignment__c,schcapplng,/apex/WCOperAssignment,,Custom57Mru,FALSE,,Operation Assignments by Work Center,1,,6,,,9,Processes,FALSE,wcoperassignment,,FALSE,FALSE,FALSE,
m_wcoperassignment__c,schcapplng,/apex/WCOperAssignment,,Custom57Mru,FALSE,,Operation Assignments by Work Center,1,,14,,,25,Processes,FALSE,wcoperassignment,,FALSE,FALSE,FALSE,
m_usertimeentry__c,workorders,/apex/usertimeentry,,Custom57Mru,FALSE,,User Time Entry,1,,14,,,6,Processes,FALSE,usertimeentry,,FALSE,FALSE,FALSE,
m_rtindoper__c,shopfloor,/apex/listview?recType=rtindoper,,Custom57Mru,FALSE,a5M,Independent Operations,1,,10,,,4,Processes,FALSE,rtindoper__c,,FALSE,FALSE,FALSE,
m_labororder__c,workorders,/apex/listview?recType=lwocst,,Custom57Mru,FALSE,a5T,Labor Orders,1,,14,lwocst,,25,Processes,TRUE,lwocst__c,,TRUE,FALSE,FALSE,
m_sycustom__c,salesordersu,/apex/listview?recType=Sycustom,302,Custom57Mru,FALSE,a5l,System Custom Configuration,1,,16,sycustom,,28,Maintenance,FALSE,sycustom__c,1,FALSE,FALSE,FALSE,
m_sydefault__c,setup,/apex/ListView?recType=sydefault,,Custom57Mru,FALSE,a3n,System Defaults,1,,1,,,26,Maintenance,FALSE,sydefault__c,,FALSE,FALSE,FALSE,
m_sylimits__c,rs_menu,/apex/listview?rectype=sylimits,868,Custom57Mru,FALSE,,Sylimits,1,,970,sylimits,,68,Maintenance,FALSE,ccrstk,,FALSE,FALSE,FALSE,
m_sopreselection__c,salesorder,/apex/SOPreSelection,902,Custom57Mru,FALSE,,SO Fulfillment Pre-Selection,1,,15,,,2,,FALSE,sopreselection,,FALSE,FALSE,FALSE,
m_soamort__c,salesorder,/apex/listview?rectype=soamort,337,Custom57Mru,FALSE,a89,SO Line Amortization Schedules,1,,15,,,17,,FALSE,soamort__c,,FALSE,FALSE,FALSE,
m_soamortschedule__c,salesorder,/apex/salesOrderAmortizationProcess,338,Custom57Mru,FALSE,,SO Line Amortization Processing,1,,15,,,18,,FALSE,salesorderamortizationprocess,,FALSE,FALSE,FALSE,
m_generaljournalexport__c,quickbooks,/apex/TransactionExport,300,Custom57Mru,FALSE,,General Journal Export,1,,17,,,7,,FALSE,transactionexport,,FALSE,FALSE,FALSE,
m_usageforecast__c,forecastmrp,/apex/usageforecast,312,Custom57Mru,FALSE,,Item Usage Forecast,1,,5,usageforecast,,10,Qty / Costs / Info,FALSE,usageforecast,,FALSE,FALSE,FALSE,
m_poreq__c,requisitions,/apex/listview?rectype=poreq,339,Custom57Mru,FALSE,a8F,Purchase Requisition,1,,11,poreq,,26,,FALSE,poreq__c,,FALSE,FALSE,FALSE,
m_syreqind__c,requisitions,/apex/listview?rectype=syreqind,165,Custom57Mru,FALSE,a48,Indirect-Service Requisition,1,,11,syreqind,,12,,FALSE,syreqind__c,,FALSE,FALSE,FALSE,
m_rtwcgroup__c,shopfloor,/apex/listview?rectype=rtwcgroup,340,Custom57Mru,FALSE,a8G,Work Center Group,1,,10,,,11,Maintenance,FALSE,rtwcgroup__c,,FALSE,FALSE,FALSE,
m_clockon_clockoff__c,shopfloor,/apex/ClockOnAndOff,348,Custom57Mru,FALSE,,Clock-On and Clock-Off,1,,10,,,13,,FALSE,clockonandoff,,FALSE,FALSE,FALSE,
m_ShopFloorTimeEntryTrans__c,shopfloor,/apex/ShopFloorTimeEntryTrans,349,Custom57Mru,FALSE,,Shop Floor Time Entry Transactions,1,,10,,,14,,FALSE,cc,,FALSE,FALSE,FALSE,
m_soagh__c,purchasing,/apex/listview?rectype=poagh,240,Custom57Mru,FALSE,a90,Purchase Order Agreement,1,,12,poagh,,13,Processes,FALSE,poagh__c,,FALSE,FALSE,FALSE,
m_dwocst__c,Work Order,/apex/dwocst,350,Custom57Mru,FALSE,,New Disassembly Order,1,,14,,,27,,FALSE,dwocst,,FALSE,FALSE,FALSE,
m_syprinter__c,System Setup,/apex/listview?rectype=syprinter,983,Custom57Mru,FALSE,a9P,Print by Email Printer,1,,1,syprinter,,34,Maintenance,FALSE,syprinter__c,,FALSE,FALSE,FALSE,
ms_rs_purge_monitor__c,,/RS_Purge_Monitor,27,,FALSE,,Purging - Monitoring,0,,,,27,20,,FALSE,,,FALSE,FALSE,FALSE,
m_purgeCostTransaction__c,purge-monitor,/apex/PurgeCostTransaction,337,Custom57Mru,FALSE,,Purge Cost Transactions,1,,27,purgecosttransaction,,1,Qty/Costs/Info,FALSE,purgecosttransaction,,FALSE,FALSE,FALSE,
m_purgeSystemTransactions__c,purge-monitor,/apex/PurgeSystemTransactions,338,Custom57Mru,FALSE,,Purge System Transactions,1,,27,purgesystemtransactions,,2,Qty/Costs/Info,FALSE,purgesystemtransactions,,FALSE,FALSE,FALSE,
m_processlog__c,purge-monitor,/apex/listview?recType=processlog,829,Custom57Mru,FALSE,a26,Process Log,1,,27,processlog,,3,Maintenance,FALSE,processlog__c,,FALSE,FALSE,FALSE,
m_drplog__c,DRP Processing,/apex/listview?rectype=drplog,829,Custom57Mru,FALSE,,DRP Log,1,,51,drplog,,21,Maintenance,FALSE,cc,,FALSE,FALSE,FALSE,
m_netchange__c,DRP Processing,/apex/listview?rectype=netchange,832,Custom57Mru,FALSE,a7G,Net Change,1,,51,netchange,,24,Maintenance,FALSE,netchange__c,,FALSE,FALSE,FALSE,
m_icixr__c,inventorymgmt,/apex/listview?rectype=icixr,838,Custom57Mru,FALSE,,Requirements,1,,8,icixr,,28,Qty / Costs / Info,FALSE,cc,,FALSE,FALSE,FALSE,
m_icitemsiteproj__c,inventorymgmt,/apex/listview?rectype=icitemsiteproj,841,Custom57Mru,FALSE,,Inventory By Item/Site/Project,1,,8,icitemsiteproj,,7,Qty / Costs / Info,FALSE,cc,,FALSE,FALSE,FALSE,
m_objpagesetup__c,setup,/apex/listview?rectype=objpagesetup,847,Custom57Mru,FALSE,,Default Page Layout,1,,1,objpagesetup,,32,Maintenance,FALSE,cc,,FALSE,FALSE,FALSE,
m_menu__c,setup,/apex/listview?rectype=menu,853,Custom57Mru,FALSE,,Site Map-Menu Bar,1,,1,menu,,33,Maintenance,FALSE,rs_menu,,FALSE,FALSE,FALSE,
m_ttaphdr__c,purchasings,/apex/listview?rectype=ttaphdr,856,Custom57Mru,FALSE,,Payable Batch Header,1,,12,menu,,20,Maintenance,FALSE,rs_ttaphdr,,FALSE,FALSE,FALSE,
m_porcptap__c,purchasings,/apex/listview?rectype=porcptap,859,Custom57Mru,FALSE,,PO Receipt Transactions,1,,12,menu,,22,Maintenance,FALSE,cc,,FALSE,FALSE,FALSE,
m_soline__c,salesorder,/apex/listview?rectype=soline,323,Custom57Mru,FALSE,a2x,SO Line,1,,15,menu,,2,Maintenance,FALSE,soline__c,,FALSE,FALSE,FALSE,
m_sitetositetransfer__c,inventorytrans,/apex/Stocklocdivsitemove?mode=invsitesite,135,Custom57Mru,FALSE,,Site to Site Transfer,1,,9,,,6,Transactions,FALSE,stocklocdivsitemove_invsitesite,,FALSE,FALSE,FALSE,
ms_cpq__c,,,244,,FALSE,,CPQ and Contract,0,,,,43,43,,FALSE,,,FALSE,FALSE,FALSE,
m_soctt__c,cpq,/apex/listView?recType=soctt,,Custom57Mru,FALSE,a7Z,Contract Terms Template,1,,244,soctt,,9,,FALSE,soctt__c,,FALSE,FALSE,FALSE,
m_msa__c,cpq,/apex/listView?recType=somsa,,Custom57Mru,FALSE,a7b,Master Services Agreement,1,,244,somsa,,1,,FALSE,somsa__c,,FALSE,FALSE,FALSE,
m_soctt__c,cpq,/apex/listView?recType=soctt,,Custom57Mru,FALSE,a7Z,Contract Terms Template,1,,244,soctt,,9,,FALSE,soctt__c,2,FALSE,FALSE,FALSE,
m_msa__c,cpq,/apex/listView?recType=somsa,,Custom57Mru,FALSE,a7b,Master Services Agreement,1,,244,somsa,,1,,FALSE,somsa__c,2,FALSE,FALSE,FALSE,
m_rsmenu__c,,,970,,FALSE,,RS Support Functions,0,,,,,,,FALSE,ccrstk,,FALSE,FALSE,FALSE,
m_soibatch__c,salesorder,/apex/listview?recType=soibatch,977,Custom57Mru,FALSE,a2n,Sales Invoice Batch,1,,15,,,16,Maintenance,FALSE,soibatch__c,,FALSE,FALSE,FALSE,
m_syvatclass__c,setup,/apex/listview?rectype=syvatclass,340,Custom57Mru,FALSE,a8O,VAT Class,1,,1,syvatclass,,31,Maintenance,FALSE,syvatclass__c,,FALSE,FALSE,FALSE,
m_supdmdreqanalysisandrepair__c,rs_menu,/apex/supDmdReqAnalysisAndRepair,836,Custom57Mru,FALSE,,ICIXR Analysis and Repair,1,,970,icixr,,36,,FALSE,ccrstk,,FALSE,TRUE,FALSE,
m_routingoper__c,shopfloor,/apex/listview?rectype=rtroutoper,282,Custom57Mru,FALSE,a2E,Routing Operations,1,,10,rtroutoper,,2,Maintenance,FALSE,rtroutoper__c,,FALSE,TRUE,FALSE,
m_projectworkbench__c,projectcontrol,/apex/listview?rectype=pjwkb,155,Custom57Mru,FALSE,a1X,Project Workbench,1,,2,pjwkb,,2,Maintenance,FALSE,pjwkb__c,,FALSE,TRUE,FALSE,
m_pocommoditycode__c,purchasings,/apex/listview?rectype=pocomcod,162,Custom57Mru,FALSE,a1e,PO Commodity Code,1,,12,pocomcod,,12,Maintenance,FALSE,pocomcod__c,,FALSE,TRUE,FALSE,
m_ibrtetype__c,inboundlogistics,/apex/listview?rectype=ibrtetype,316,Custom57Mru,FALSE,a82,Inbound Shipment Route Type,1,,13,ibrtetype,,6,,FALSE,ibrtetype__c,,FALSE,FALSE,FALSE,
m_ibconttype__c,inboundlogistics,/apex/listview?rectype=ibconttype,319,Custom57Mru,FALSE,a7z,Inbound Shipment Route Type,1,,13,ibrtetype,,9,,FALSE,ibconttype__c,,FALSE,FALSE,FALSE,
m_ibroute__c,inboundlogistics,/apex/listview?rectype=ibroute,322,Custom57Mru,FALSE,a80,Inbound Shipment Route,1,,13,ibroute,,22,,FALSE,ibroute__c,,FALSE,FALSE,FALSE,
m_ibship__c,inboundlogistics,/apex/listview?rectype=ibship,313,Custom57Mru,FALSE,a83,Inbound Shipment,1,,13,ibship,,3,,FALSE,ibship__c,,FALSE,FALSE,FALSE,
m_povclass__c,purchasings,/apex/listview?rectype=povclass,341,Custom57Mru,FALSE,a8Q,Vendor Class,1,,12,povclass,,3,Maintenance,FALSE,povclass__c,,FALSE,FALSE,FALSE,
m_icinvreconreviewandprocessing__c,icinvreconBatchHeader,/apex/listview?recType=icinvreconb,312,Custom57Mru,FALSE,a88,Inventory Reconciliation Review & Processing,1,,9,icinvreconb__c,,52,,FALSE,icinvreconb__c,1,FALSE,FALSE,FALSE,
m_icinvrecon__c,icinvrecon,/apex/listview?recType=icinvrecon,312,Custom57Mru,FALSE,a6Q,Inventory Reconciliation,1,,9,icinvrecon,,51,,FALSE,icinvrecon__c,2,FALSE,FALSE,FALSE,
m_icinvreconreviewandprocessing__c,icinvreconBatchHeader,/apex/listview?recType=icinvreconb,312,Custom57Mru,FALSE,a88,Inventory Reconciliation Review & Processing,1,,9,icinvreconb__c,,52,,FALSE,icinvreconb__c,2,FALSE,FALSE,FALSE,
m_sopickh__c,salesorder,/apex/listview?recType=sopickh,313,Custom57Mru,FALSE,a3I,SO Picklist Header,1,,15,sopickh,,3,Processes,FALSE,sopickh__c,1,FALSE,FALSE,FALSE,
m_icinvrecon__c,icinvrecon,/apex/listview?recType=icinvrecon,312,Custom57Mru,FALSE,a6Q,Inventory Reconciliation,1,,9,icinvrecon,,51,,FALSE,icinvrecon__c,1,FALSE,FALSE,FALSE,
m_generateRecurringBilling__c,cpq,/apex/GenerateRecurringBillingExecution,,Custom57Mru,FALSE,,Generate Recurring Billing,1,,244,soconpbill,,11,,FALSE,generaterecurringbillingexecution,,FALSE,FALSE,FALSE,
m_soconpbill__c,cpq,/apex/listView?recType=soconpbill,,Custom57Mru,FALSE,a7P,Contract Periodic Billing Review,1,,244,soconpbill,,12,,FALSE,soconpbill__c,,FALSE,FALSE,FALSE,
m_shippingzone__c,salesordersu,/apex/listview?rectype=Sozone,976,Custom57Mru,FALSE,a8L,Shipping Zones,1,,16,sozone,,29,Maintenance,FALSE,sozone__c,,FALSE,FALSE,FALSE,
m_custmsa__c,cpq,/apex/listView?recType=socustmsa,,Custom57Mru,FALSE,a7a,Customer MSA,1,,244,socustmsa,,2,Maintenance,FALSE,socustmsa__c,,FALSE,FALSE,FALSE,
m_icjobcode__c,projectcontrol,/apex/listview?recType=icjobcode,,Custom57Mru,FALSE,a8E,Job Code Maintenance,1,,2,,,7,,FALSE,icjobcode__c,,FALSE,FALSE,FALSE,
m_inspord__c,inspectionorder,/apex/listview?rectype=inspord,302,Custom57Mru,FALSE,a96,Inspection Order,1,,8,inspord,,26,,FALSE,inspord__c,,FALSE,FALSE,FALSE,
m_insptempl__c,inspectionorderTemplate,/apex/listview?rectype=insptempl,303,Custom57Mru,FALSE,a99,Inspection Order Template,1,,8,insptempl,,27,,FALSE,insptempl__c,,FALSE,FALSE,FALSE,
m_inventorybalances__c,inventorybalances,/apex/inventorybalances,334,Custom57Mru,FALSE,,Inventory Balances,1,,901,,,35,,FALSE,inventorybalances,,FALSE,FALSE,FALSE,
m_featcat__c,System Setup,/apex/listview?rectype=featcat,984,Custom57Mru,FALSE,a8q,Feature Category,1,,1,feacat,,30,Maintenance,FALSE,featcat__c,,FALSE,FALSE,FALSE,
