"NAME","RSTK__ACTIVITY_ENABLED__C","RSTK__APPROVAL_ENABLED__C","RSTK__APPSECURITYKEY__C","RSTK__HEADER__C","RSTK__HIDEADDLINK__C","RSTK__HREF__C","RSTK__ID__C","RSTK__IMAGECLASS__C","RSTK__INACTIVE__C","RSTK__KEYPREFIX__C","RSTK__LABEL__C","RSTK__LEVEL__C","RSTK__MENUTYPE__C","RSTK__PAGE__C","RSTK__PAGEKEY__C","RSTK__PARENTID__C","RSTK__RECORDTYPE__C","RSTK__SECNSEQUENCE__C","RSTK__SEQUENCE__C","RSTK__SUBSECTION__C","RSTK__RSFINANCIALS__C","RSTK__RELATEDLISTS__C"
"Quick Cash Receipts","false","false","m_quickcashreceipts__c","Quick Cash Receipts","false","/apex/quickCashReceipts","999.0","Custom57Mru","false","","Quick Cash Receipts","1.0","1.0","","quickcashreceipts","910.0","","","100.0","","true",""
"Payable Session","false","false","m_apinvh__c","Accounts Payable","false","/apex/listView?recType=apinvh","995.0","Custom57Mru","false","","Payable Session","1.0","1.0","","cc","986.0","apinvh","","10.0","","true",""
"Cash Requirements Report","false","false","m_cashreqreport__c","Accounts Payable","false","/apex/CashReqirementsReport","999.0","Custom57Mru","false","","Cash Requirements Report","1.0","1.0","","cashreqirementsreport","986.0","","","58.0","","true",""
"1099 Generate and Print","false","false","m_ap1099__c","Accounts Payable","true","/apex/AP1099","999.0","Custom57Mru","false","","1099 Generate and Print","1.0","1.0","","ap1099","986.0","ap1099","","61.0","","true",""
"Reporting Account Group Entry/Maintenance","false","false","m_glfstmplt7__c","Financial Reporting","false","/apex/glfstmplt7","987.0","Custom57Mru","false","","Reporting Account Group Entry/Maintenance","1.0","1.0","","glfstmplt7","972.0","","","101.0","Maintenance","true",""
"Foreign Exchange Rate Schedule","false","false","m_syforexschedno__c","Multiple Currency","false","/apex/listView?recType=syforexschedno__c","991.0","Custom57Mru","false","","Foreign Exchange Rate Schedule","1.0","1.0","","syforexschedno__c","989.0","syforexschedno","","7.0","","true",""
"Vendor Company","false","false","m_povendcmpno__c","Financial System Admin","false","/apex/listView?recType=povendcmpno","988.0","Custom57Mru","false","","Vendor Company","1.0","1.0","","cc","988.0","povendcmpno","","11.0","","true",""
"Payable Application Transaction Query","false","false","m_apapplic__c","Accounts Payable","false","/apex/listView?recType=apapplic__c","993.0","Custom57Mru","false","","Payable Application Transaction Query","1.0","1.0","","apapplic__c","986.0","apapplic","","34.0","","true",""
"Payment Selection","false","false","m_paysession__c","Accounts Payable","false","/apex/listView?recType=paysession__c","999.0","Custom57Mru","false","","Payment Selection","1.0","1.0","","paysession__c","986.0","paysession","","43.0","","true",""
"Open Item Application","false","false","m_apinvtxn__c","Accounts Payable","false","/apex/OpenItemApplication","999.0","Custom57Mru","false","","Open Item Application","1.0","1.0","","openitemapplication","986.0","","","46.0","process","true",""
"Vendor Credit Application Query/Report","false","false","m_vendorcrapp__c","Accounts Payable","false","/apex/vendorcrapp","906.0","Custom57Mru","false","","Vendor Credit Application Query/Report","1.0","1.0","","vendorcrapp","986.0","","","49.0","Processes","true",""
"Payable Edit List","false","false","m_apVoucherReport__c","Accounts Payable","false","/apex/apVoucherReport","999.0","Custom57Mru","false","","Payable Edit List","1.0","1.0","","apvoucherreport","986.0","","","52.0","Process","true",""
"AP Aging Report","false","false","m_apagingreport__c","AP Aging Report","false","apex/apagingreport","907.0","Custom57Mru","false","","AP Aging Report","1.0","1.0","","cc","986.0","","","55.0","Processes","true",""
"Payable Transaction","false","false","m_apinvtxn__c","Accounts Payable","false","/apex/listView?recType=apinvtxn","996.0","Custom57Mru","false","","Payable Transaction","1.0","1.0","","cc","986.0","apinvtxn","","11.0","","true",""
"Journal Entry Templates","false","false","m_gljetemplth__c","General Ledger Setup","false","/apex/listview?rectype=gljetemplth","900.0","Custom57Mru","false","","Journal Entry Templates","1.0","1.0","","gljetemplth__c","971.0","gljetemplth","","91.0","Process","true",""
"General Journal Workbench","false","false","m_gljh__c","General Ledger Setup","false","/apex/gljhListView","905.0","Custom57Mru","false","","General Journal Workbench","1.0","1.0","","cc","971.0","","","92.0","Process","true",""
"Postings Summary Report","false","false","m_gltrialbalance__c","General Ledger Setup","false","/apex/postingsSummaryReport","904.0","Custom57Mru","false","","Postings Summary Report","1.0","1.0","","cc","971.0","","","94.0","Process","true",""
"Bank Reconciliation","false","false","m_glbankacctreconcile__c","General Ledger Setup","false","/apex/GlbankacctReconcile","999.0","Custom57Mru","false","","Bank Reconciliation","1.0","1.0","","cc","971.0","","","95.0","Process","true",""
"Perform Financial Report Data Roll-up","false","false","m_buildglaystmt__c","Financial Reporting","false","/apex/statementbuilder","985.0","Custom57Mru","false","","Perform Financial Report Data Roll-up","1.0","1.0","","cc","981.0","","","30.0","","true",""
"Define Financial Report Templates","false","false","m_glfstmplt1__c","Financial Reporting","false","/apex/listview?rectype=glfstmplt1","985.0","Custom57Mru","false","","Define Financial Report Templates","1.0","1.0","","cc","972.0","glfstmplt1","","30.0","Maintenance","true",""
"Receivable Session","false","false","m_arinvh__c","Accounts Receivable","false","/apex/listview?rectype=arinvh","911.0","Custom57Mru","false","","Receivable Session","1.0","1.0","","cc","910.0","arinvh","","10.0","Process","true",""
"Financial Project Master","false","false","m_glproj__c","Financial System Setup","false","/apex/listView?recType=glproj","978.0","Custom57Mru","false","","Financial Project Master","1.0","1.0","","glproj__c","987.0","glproj","","68.0","Maintenance","true",""
"Reason Codes","false","false","m_glrsn__c","Financial System Setup","false","/apex/listView?recType=glrsn","982.0","Custom57Mru","false","","Reason Codes","1.0","1.0","","glrsn__c","987.0","glrsn","","74.0","Maintenance","true",""
"AR Control","false","false","m_arcntl__c","Financial System Admin","false","/apex/listView?recType=arcntl","911.0","Custom57Mru","false","","AR Control","1.0","1.0","","arcntl__c","988.0","arcntl","","1.0","Setup","true",""
"Journal Entry Standard ID","false","false","m_gljestdid__c","Financial System Setup","false","/apex/listView?recType=gljestdid","984.0","Custom57Mru","false","","Journal Entry Standard ID","1.0","1.0","","gljestdid__c","987.0","gljestdid","","76.0","Maintenance","true",""
"AP Control","false","false","m_apcntl__c","Financial System Admin","false","/apex/listView?recType=apcntl","983.0","Custom57Mru","false","","AP Control","1.0","1.0","","apcntl__c","988.0","apcntl","","1.0","Maintenance","true",""
"Financial System Setup","false","false","m_fss__c","ms_fss__c","false","","987.0","","false","","Financial System Setup","0.0","1.0","","hr_FinancialSystemSetup","","","45.0","45.0","","true",""
"General Ledger","false","false","ms_glsetup__c","ms_glsetup__c","false","","971.0","","false","","General Ledger","0.0","1.0","","hr_GeneralLedger","","","75.0","75.0","","true",""
"Multiple Currency","false","false","m_mcurr__c","ms_mc__c","false","","989.0","","false","","Multiple Currency","0.0","1.0","","hr_MultipleCurrency","","","55.0","55.0","","true",""
"Convert JE Templates to JEs for a Period","false","false","m_periodAndJEChkList__c","General Ledger Setup","false","/apex/periodAndJEChecklistProcess","999.0","Custom57Mru","false","","Convert JE Templates to JEs for a Period","1.0","1.0","","cc","971.0","","","89.0","Process","true",""
"Prepare Financial Reports","false","false","m_statementrun__c","Financial Reporting","false","/apex/statementrun","985.0","Custom57Mru","false","","Prepare Financial Reports","1.0","1.0","","cc","972.0","","","50.0","","true",""
"Credit Card Account","false","false","m_glapcc__c","Financial System Admin","false","/apex/listView?recType=glapcc","979.0","Custom57Mru","false","","Credit Card Account","1.0","1.0","","glapcc__c","988.0","glapcc","","98.0","Maintenance","true",""
"Fiscal Year","false","false","m_glyear__c","Financial System Admin","false","/apex/listView?recType=glyear","980.0","Custom57Mru","false","a0q","Fiscal Year","1.0","1.0","","glyear__c","988.0","glyear","","72.0","Maintenance","true",""
"Financial Budget","false","false","m_glaybud__c","Financial System Admin","false","/apex/listView?recType=glaybud","998.0","Custom57Mru","false","","Financial Budget","1.0","1.0","","glaybud__c","988.0","glaybud","","90.0","Maintenance","true",""
"Period Close","false","false","m_glcloseProcessor__c","Financial System Admin","false","/apex/glcloseProcessor","903.0","Custom57Mru","false","","Period Close","1.0","1.0","","glcloseprocessor","981.0","","","10.0","Process","true",""
"Bank Account","false","false","m_glbankacct__c","Financial System Admin","false","/apex/listView?recType=glbankacct","999.0","Custom57Mru","false","","Bank Account","1.0","1.0","","glbankacct__c","988.0","glbankacct","","96.0","Maintenance","true",""
"Translate Data into Parent Company Currency","false","false","m_glstmtntryh__c","Financial Reporting","false","/apex/TranslateToParentCompCurr","999.0","Custom57Mru","false","","Translate Data into Parent Company Currency","1.0","1.0","","translatetoparentcompcurr","981.0","","","20.0","Process","true",""
"Vendor Class Company","false","false","m_povclasscmpno__c","Financial System Admin","false","/apex/listview?rectype=povclasscmpno","342.0","Custom57Mru","false","","Vendor Class Company","1.0","1.0","","povclasscmpno__c","988.0","povclasscmpno","","10.0","","true",""
"GL Accounts (Chart of Accounts)","false","false","m_glacct__c","Financial System Admin","false","/apex/listView?recType=glacct","977.0","Custom57Mru","false","a0m","GL Accounts (Chart of Accounts)","1.0","1.0","","glacct__c","988.0","glacct","","69.0","Maintenance","true",""
"Accounts Payable","false","false","ms_ap__c","ms_ap__c","false","","986.0","","false","","Accounts Payable","0.0","1.0","","hr_AccountsPayable","","","60.0","60.0","","true",""
"Adjusting Statement Entries","false","false","Financial Reporting","Financial Reporting","false","/apex/glStmtListView","999.0","Custom57Mru","false","","Adjusting Statement Entries","1.0","1.0","","cc","972.0","","","70.0","Process","true",""
"External Data for Financial Reports Entry/Maint","false","false","m_glfstmplt6__c","Financial Reporting","false","/apex/glfstmplt6","986.0","Custom57Mru","false","","External Data for Financial Reports Entry/Maint","1.0","1.0","","cc","972.0","","","100.0","Maintenance","true",""
"Test Report Templates for Completeness","false","false","m_finstmttmpltest__c","Financial Reporting","false","/apex/finstmttmpltest","988.0","Custom57Mru","false","","Test Report Templates for Completeness","1.0","1.0","","cc","972.0","","","40.0","Maintenance","true",""
"Change Payment Method","false","false","m_approcess__c","Accounts Payable","false","/apex/APProcess","988.0","Custom57Mru","false","","Change Payment Method","1.0","1.0","","cc","986.0","","","19.0","","true",""
"Post by Session","false","false","m_apbatchtransfer__c","Accounts Payable","false","/apex/APBatchTransfer","996.0","Custom57Mru","false","","Post by Session","1.0","1.0","","cc","986.0","","","22.0","","true",""
"Accounts Receivable","false","false","ms_ar__c","ms_ar__c","false","","910.0","","false","","Accounts Receivable","0.0","1.0","","hr_AccountsReceivable","","","70.0","70.0","","true",""
"Financial Reporting","false","false","ms_financialreporting__c","ms_financialreporting__c","false","","972.0","","false","","Financial Reporting","0.0","1.0","","hr_FinancialReporting","","","80.0","80.0","","true",""
"Financial System Admin","false","false","m_fsa__c","ms_fsa__c","false","","988.0","","false","","Financial System Admin","0.0","1.0","","hr_FinancialSystemAdmin","","","50.0","50.0","","true",""
"Display/Print/Export/Purge Financial Reports","false","false","m_statementmaint__c","Financial Reporting","false","/apex/statementmaint","985.0","Custom57Mru","false","","Display/Print/Export/Purge Financial Reports","1.0","1.0","","cc","972.0","","","60.0","","true",""
"Post by Transaction","false","false","m_apgrouptransfer__c","Accounts Payable","false","/apex/APGroupTransfer","997.0","Custom57Mru","false","","Post by Transaction","1.0","1.0","","cc","986.0","","","23.0","","true",""
"1099 List","false","false","m_1099list__c","Accounts Payable","true","/apex/listView?recType=ap1099","999.0","Custom57Mru","false","","1099 List","1.0","1.0","","cc","986.0","ap1099","","64.0","","true",""
"Initialize Companies and Users","false","false","m_initialiazeCompAndUsrs__c","Financial System Setup","false","/apex/InitializeCompAndUsrs","974.0","Custom57Mru","false","","Initialize Companies and Users","1.0","1.0","","initializecompandusrs","987.0","","","64.0","Processes","true",""
"Financial Division Master","false","false","m_gldiv__c","Financial System Setup","false","/apex/listview?recType=gldiv","972.0","Custom57Mru","false","","Financial Division Master","1.0","1.0","","gldiv__c","987.0","gldiv","","67.0","Maintenance","true",""
"Financial Company Master","false","false","m_glcmp__c","Financial System Setup","false","/apex/listView?recType=glcmp","973.0","Custom57Mru","false","","Financial Company Master","1.0","1.0","","glcmp__c","987.0","glcmp","","66.0","Maintenance","true",""
"Financial System User","false","false","m_glusr__c","Financial System Setup","false","/apex/listView?recType=glusr","975.0","Custom57Mru","false","","Financial System User","1.0","1.0","","glusr__c","987.0","glusr","","50.0","Maintenance","true",""
"Financial System User Company","false","false","m_glusrcmp__c","Financial System Setup","false","/apex/listView?recType=glusrcmp","976.0","Custom57Mru","false","","Financial System User Company","1.0","1.0","","glusrcmp__c","987.0","glusrcmp","","55.0","Maintenance","true",""
"Foreign Exchange Gain/Loss on Receipt","false","false","m_apinvlineforex__c","Accounts Payable","false","/apex/listView?recType=apinvlineforex__c","990.0","Custom57Mru","true","","Foreign Exchange Gain/Loss on Receipt","1.0","1.0","","apinvlineforex__c","986.0","apinvlineforex","","31.0","","true",""
"Receivable Transaction","false","false","m_arinvtxn__c","Accounts Receivable","false","/apex/listview?rectype=arinvtxn","989.0","Custom57Mru","false","","Receivable Transaction","1.0","1.0","","cc","910.0","arinvtxn","","20.0","Process","true",""
"Cash Receipts Journal","false","false","m_cashreceiptsjournal__c","Accounts Receivable","false","/apex/cashreceiptsjournal","999.0","Custom57Mru","false","","Cash Receipts Journal","1.0","1.0","","cc","910.0","","","60.0","","true",""
"Customer Statements and Finance Charges","false","false","m_arstatandfincharges__c","Accounts Receivable","false","/apex/arstatandfincharges","999.0","Custom57Mru","false","","Customer Statements and Finance Charges","1.0","1.0","","cc","910.0","","","80.0","","true",""
"Sales Invoice Review and Mass Post","false","false","m_arsalesinvoicereview__c","Accounts Receivable","false","/apex/arsalesinvoicereview","999.0","Custom57Mru","false","","Sales Invoice Review and Mass Post","1.0","1.0","","cc","910.0","","","30.0","","true",""
"Cash Receipts","false","false","m_arcashh__c","Accounts Receivable","false","/apex/listview?rectype=arcashh","911.0","Custom57Mru","false","","Cash Receipts","1.0","1.0","","cc","910.0","arcashh","","50.0","Maintenance","true",""
"Payment Selection Audit","false","false","m_appayselectaudit__c","RS-Support","false","/apex/listView?recType=appayselectaudit__c","994.0","Custom57Mru","false","","Payment Selection Audit","1.0","1.0","","cc","970.0","appayselectaudit","","37.0","","true",""
"GL Transactions","false","false","m_gltxn__c","General Ledger Setup","false","/apex/listview?rectype=gltxn","886.0","Custom57Mru","false","","GL Transactions","1.0","1.0","","cc","971.0","gltxn","","85.0","Maintenance","true",""
"Period Close Activities","false","false","ms_periodcloseactivities__c","ms_periodcloseactivities__c","false","","981.0","","false","","Period Close Activities","0.0","1.0","","hr_PeriodCloseActivities","","","77.0","77.0","","true",""
"General Journal Entries","false","false","m_gljh__c","General Ledger Setup","false","apex/listview?rectype=gljh","903.0","Custom57Mru","false","","General Journal Entries","1.0","","","","971.0","gljh","","93.0","","true",""
"AR Non Cash Transfers","false","false","m_arnoncashtransfers__c","AR Non Cash Transfers","false","/apex/ARNonCashTransfer","999.0","Custom57Mru","false","","AR Non Cash Transfers","1.0","1.0","","cc","910.0","","","90.0","","true",""
"RS Financials Support Functions","false","false","RS_Financials_Support_Functions__c","","false","/RS_Financials_Support_Functions","991.0","","false","","RS Financials Support Functions","0.0","","","ccrstk","","","99.0","101.0","","true",""
"Receivable WHT Transaction","false","false","m_arwhttxn__c","Accounts Receivable","false","/apex/listview?rectype=arwhttxn__c","999.0","Custom57Mru","false","","Receivable WHT Transaction","1.0","1.0","","cc","910.0","","","102.0","","true",""
"GL Historical Rate","false","false","m_glhistrate__c","Multiple Currency","false","/apex/listview?rectype=glhistrate","967.0","Custom57Mru","false","","GL Historical Rate","1.0","1.0","","glhistrate__c","989.0","glhistrate","","108.0","","true",""
"Cash Receipts Detail","false","false","m_arcashd__c","RS Financials Support Functions","false","/apex/listview?rectype=arcashd","91.0","Custom57Mru","false","","Cash Receipts Detail","1.0","1.0","","arcashd__c","991.0","arcashd","","8.0","","true",""
"Cash Receipts Distribution","false","false","m_arcashddist__c","RS Financials Support Functions","false","/apex/listview?rectype=arcashddist","92.0","Custom57Mru","false","","Cash Receipts Distribution","1.0","1.0","","arcashddist__c","991.0","arcashddist","","9.0","","true",""
"Receivable Transaction Scheduled Payment","false","false","m_arinvdue__c","RS Financials Support Functions","false","/apex/listview?rectype=arinvdue","93.0","Custom57Mru","false","","Receivable Transaction Scheduled Payment","1.0","1.0","","arinvdue__c","991.0","arinvdue","","23.0","","true",""
"Receivable Transaction Distribution","false","false","m_arinvdist__c","RS Financials Support Functions","false","/apex/listview?rectype=arinvdist","94.0","Custom57Mru","false","","Receivable Transaction Distribution","1.0","1.0","","arinvdist__c","991.0","arinvdist","","22.0","","true",""
"Payments Session Header","false","false","m_appayh__c","RS Financials Support Functions","false","/apex/listview?rectype=appayh","95.0","Custom57Mru","false","","Payments Session Header","1.0","1.0","","appayh__c","991.0","appayh","","20.0","","true",""
"Receivable Application Transaction","false","false","m_arapplic__c","RS Financials Support Functions","false","/apex/listview?rectype=arapplic","106.0","Custom57Mru","false","","Receivable Application Transaction","1.0","1.0","","arapplic__c","991.0","arapplic","","21.0","","true",""
"Accounts Payable Check","false","false","m_apcheck__c","RS Financials Support Functions","false","/apex/listview?rectype=apcheck","107.0","Custom57Mru","false","","Accounts Payable Check","1.0","1.0","","apcheck__c","991.0","apcheck","","1.0","","true",""
"AP Check Stub Detail","false","false","m_apcheckstub__c","RS Financials Support Functions","false","/apex/listview?rectype=apcheckstub","108.0","Custom57Mru","false","","AP Check Stub Detail","1.0","1.0","","apcheckstub__c","991.0","apcheckstub","","4.0","","true",""
"Accounts Payable EFT","false","false","m_apeft__c","RS Financials Support Functions","false","/apex/listview?rectype=apeft","109.0","Custom57Mru","false","","Accounts Payable EFT","1.0","1.0","","apeft__c","991.0","apeft","","2.0","","true",""
"AP EFT Payment Detail","false","false","m_apeftstub__c","RS Financials Support Functions","false","/apex/listview?rectype=apeftstub__c","110.0","Custom57Mru","false","","AP EFT Payment Detail","1.0","1.0","","apeftstub__c","991.0","apeftstub","","5.0","","true",""
"Dimension Values","false","false","m_dimvals__c","RS Financials Support Functions","false","/apex/listview?rectype=dimvals","111.0","Custom57Mru","false","","Dimension Values","1.0","1.0","","ccrstk","991.0","","","11.0","","true",""
"Bank Account Transaction","false","false","m_glbanktxn__c","RS Financials Support Functions","false","/apex/listview?rectype=glbanktxn","112.0","Custom57Mru","false","","Bank Account Transaction","1.0","1.0","","glbanktxn__c","991.0","glbanktxn","","7.0","","true",""
"GL Add Transaction","false","false","m_glato__c","RS Financials Support Functions","false","/apex/listview?rectype=glato","113.0","Custom57Mru","false","","GL Add Transaction","1.0","1.0","","glato__c","991.0","glato","","14.0","","true",""
"AR Add Transaction","false","false","m_arato__c","RS Financials Support Functions","false","/apex/listview?rectype=arato","114.0","Custom57Mru","false","","AR Add Transaction","1.0","1.0","","arato__c","991.0","arato","","6.0","","true",""
"AP Add Transaction","false","false","m_apato__c","RS Financials Support Functions","false","/apex/listview?rectype=apato","115.0","Custom57Mru","false","","AP Add Transaction","1.0","1.0","","apato__c","991.0","apato","","3.0","","true",""
"CR Add Transaction","false","false","m_crato__c","RS Financials Support Functions","false","/apex/listview?rectype=crato","116.0","Custom57Mru","false","","CR Add Transaction","1.0","1.0","","crato__c","991.0","crato","","10.0","","true",""
"VAT Transaction Processing","false","false","m_vattxnprocess__c","Financial System Admin","false","/apex/vattxnprocess","903.0","Custom57Mru","false","","VAT Transaction Processing","1.0","1.0","","vattxnprocess","981.0","","","40.0","Process","true",""
"VAT Transactions","false","false","m_syvattxn__c","Financial System Admin","false","/apex/listview?rectype=syvattxn","903.0","Custom57Mru","false","","VAT Transactions","1.0","1.0","","syvattxn__c","981.0","syvattxn","","50.0","Process","true",""
"Clone Chart of Accounts","false","false","m_clonechartofaccounts__c","Clone Chart of Accounts","false","/apex/clonechartofaccounts","846.0","Custom57Mru","false","","Clone Chart of Accounts","1.0","1.0","","clonechartofaccounts","988.0","","","99.0","Maintenance","true",""
"Payments Session Detail","false","false","m_appayd__c","RS Financials Support Functions","false","/apex/listview?rectype=appayd","96.0","Custom57Mru","false","","Payments Session Detail","1.0","1.0","","appayd__c","991.0","appayd","","19.0","","true",""
"Payables Line","false","false","m_apinvline__c","RS Financials Support Functions","false","/apex/listview?rectype=apinvline","97.0","Custom57Mru","false","","Payables Line","1.0","1.0","","apinvline__c","991.0","apinvline","","18.0","","true",""
"Payables Distribution","false","false","m_apinvdist__c","RS Financials Support Functions","false","/apex/listview?rectype=apinvdist","98.0","Custom57Mru","false","","Payables Distribution","1.0","1.0","","apinvdist__c","991.0","apinvdist","","17.0","","true",""
"Foreign Exchange Gain/Loss on Invoice","false","false","m_apinvtxnforex__c","RS Financials Support Functions","false","/apex/listview?rectype=apinvtxnforex","99.0","Custom57Mru","false","","Foreign Exchange Gain/Loss on Invoice","1.0","1.0","","apinvtxnforex__c","991.0","apinvtxnforex","","13.0","","true",""
"Foreign Exchange Gain/Loss on App","false","false","m_apapplicforex__c","RS Financials Support Functions","false","/apex/listview?rectype=apapplicforex","100.0","Custom57Mru","false","","Foreign Exchange Gain/Loss on App","1.0","1.0","","apapplicforex__c","991.0","apapplicforex","","12.0","","true",""
"GL Processlog","false","false","m_processlogf__c","RS Financials Support Functions","false","/apex/listview?rectype=processlogf","101.0","Custom57Mru","false","","GL Processlog","1.0","1.0","","processlogf__c","991.0","processlogf","","16.0","","true",""
"Create Transaction Summary Object","false","false","m_gltxnsummary__c","Financial Reporting","false","apex/gltxnsummary","813.0","Custom57Mru","false","","Create Transaction Summary Object","1.0","1.0","","","972.0","","","103.0","Process","true",""
"GLTXNDIM Consolidation","false","false","m_gltxndimprocess__c","Financial System Admin","false","/apex/gltxndimconsolidate","903.0","Custom57Mru","false","","GLTXNDIM Consolidation","1.0","1.0","","gltxndimconsolidate","981.0","","","41.0","Process","true",""
"GL Type","false","false","m_gltype__c","Financial Reporting","false","/apex/gltype","987.0","Custom57Mru","false","","GL Type","1.0","1.0","","gltype","972.0","","","104.0","Maintenance","true",""
"Withholding Tax Class","false","false","m_apwht__c","Accounts Payable","false","/apex/listView?recType=apwht","999.0","Custom57Mru","false","","Withholding Tax Class","1.0","1.0","","apwht__c","986.0","","","66.0","","true",""
"GL Anomaly","false","false","m_glanomaly__c","RS Financials Support Functions","false","/apex/listview?rectype=glanomaly","117.0","Custom57Mru","false","","GL Anomaly","1.0","1.0","","ccrstk","991.0","","","15.0","Maintenance","true",""
"Financial Report Template Mover","false","false","m_financialreporttemplatemover__c","RS Suppport Functions","false","/apex/financialreporttemplatemover","812.0","Custom57Mru","false","","Financial Report Template Mover","1.0","1.0","","financialreporttemplatemover","972.0","","","102.0","Process","true",""
"AR Aging Report","false","false","m_aragingreport__c","Accounts Receivable","false","/apex/aragingreport","990.0","Custom57Mru","false","","AR Aging Report","1.0","1.0","","cc","910.0","","","70.0","","true",""
"WHT Return Workbench","false","false","m_whtreturnwb__c","Accounts Payable","false","/apex/WHTReturnWB","999.0","Custom57Mru","false","","WHT Return Workbench","1.0","1.0","","whtreturnwb","986.0","","","68.0","","true",""
"WHT Certificate Workbench","false","false","m_whtcertwb__c","Accounts Payable","false","/apex/WHTCertWB","999.0","Custom57Mru","false","","WHT Certificate Workbench","1.0","1.0","","whtcertwb","986.0","","","67.0","","true",""
"AP Aging Drill Down Header","false","false","m_apagingh__c","RS Financials Support Functions","false","/apex/listview?rectype=apagingh__c","112.0","Custom57Mru","false","","AP Aging Drill Down Header","1.0","1.0","","cc","991.0","apagingh","","25.0","","true",""
"AR Aging Drill Down Header","false","false","m_aragingh__c","RS Financials Support Functions","false","/apex/listview?rectype=aragingh__c","112.0","Custom57Mru","false","","AR Aging Drill Down Header","1.0","1.0","","cc","991.0","aragingh","","26.0","","true",""
"Customer Company","false","false","m_socustcmpno__c","salesordersu","false","/apex/Listview?recType=socustcmpno","999.0","Custom57Mru","false","","Customer Company","1.0","1.0","","socustcmpno__c","16.0","socustcmpno","","3.0","","true",""
"GL Transaction Inquiry","false","false","m_gltxninquiry__c","General Ledger Setup","false","/apex/gltxnInquiry","999.0","Custom57Mru","false","","GL Transaction Inquiry","1.0","1.0","","gltxninquiry","971.0","","","84.0","","true",""
"Update Customer Aging and Ad Hoc Statements","false","false","m_updatecustagingadhocstmts__c","Update Customer Aging and Ad Hoc Statements","false","/apex/UpdateCustAgingAdhocStmts","999.0","Custom57Mru","false","","Update Customer Aging and Ad Hoc Statements","1.0","1.0","","updatecustagingadhocstmts","910.0","","","101.0","","true",""
"AR Invoice and Memo Review and Mass Post","false","false","m_arinvoiceandmassreview__c","Accounts Receivable","false","/apex/arinvoiceandmassreview","992.0","Custom57Mru","false","","AR Invoice and Memo Review and Mass Post","1.0","1.0","","arinvoiceandmassreview","910.0","","","31.0","","true",""
"Bank Statement Reconciliation","false","false","m_glbankstmtreconcile__c","General Ledger Setup","false","/apex/bankacctReconcile2","999.0","Custom57Mru","false","","Bank Statement Reconciliation","1.0","1.0","","bankacctreconcile2","971.0","","","96.0","","true",""
"UFX Run","false","false","m_ufxhead__c","Multiple Currency","false","/apex/UFXRun","968.0","Custom57Mru","false","","UFX Run","1.0","1.0","","ufxrun","989.0","","","107.0","","true",""
"Bank Card Transaction Template","false","false","m_bankcardtt__c","General Ledger Setup","false","apex/listView?recType=bankcardtt","999.0","Custom57Mru","false","","Bank Card Transaction Template","1.0","1.0","","cc","971.0","bankcardtt","","95.0","Process","true",""
"Bank Card Reconcile","false","false","m_glbankcardreconcile__c","General Ledger Setup","false","/apex/bankcardReconcile","999.0","Custom57Mru","false","","Bank Card Reconcile","1.0","1.0","","bankcardreconcile","971.0","","","95.0","Process","true",""
