NAME,RSTK__ACTIVITY_ENABLED__C,RSTK__APPROVAL_ENABLED__C,RSTK__APPSECURITYKEY__C,RSTK__HEADER__C,RSTK__HREF__C,RSTK__ID__C,RSTK__IMAGECLASS__C,RSTK__INACTIVE__C,RSTK__KEYPREFIX__C,RSTK__LABEL__C,RSTK__LEVEL__C,RSTK__MENUTYPE__C,RSTK__PAGE__C,RSTK__PAGEKEY__C,RSTK__PARENTID__C,RSTK__RECORDTYPE__C,RSTK__SECNSEQUENCE__C,RSTK__SEQUENCE__C,RSTK__SUBSECTION__C,RSTK__TRIGGEROPTIONS__C
Contract Maintenance,FALSE,FALSE,m_socontract__c,socontract,/apex/listview?recType=socontract,311,Custom57Mru,FALSE,a9P,Contract Maintenance,1,2,,socontract__c,310,socontract,,42,,
Contract Maintenance,FALSE,FALSE,m_socontract__c,socontract,/apex/listview?recType=socontract,311,Custom57Mru,FALSE,a9P,Contract Maintenance,1,,,socontract__c,310,socontract,,42,,
Create Invoice for All Shippers,FALSE,FALSE,m_crtshpinvs__c,csg,/apex/InvoiceShippersInDiv,304,Custom57Mru,FALSE,,Create Invoice for All Shippers,1,2,,invoiceshippersindiv,310,sydata,,63,,
Create Invoice for All Shippers,FALSE,FALSE,m_crtshpinvs__c,csg,/apex/InvoiceShippersInDiv,304,Custom57Mru,FALSE,,Create Invoice for All Shippers,1,,,invoiceshippersindiv,310,sydata,,63,,
CSG,FALSE,FALSE,m_csg__c,,,310,,FALSE,,CSG,0,2,,,,,,41,,
CSG,FALSE,FALSE,m_csg__c,Conf,,310,,FALSE,,CSG,0,,,,,,,41,,
Entitlement Calendar,FALSE,FALSE,m_soentcal__c,soentcal,/apex/listview?recType=soentcal,312,Custom57Mru,FALSE,a9V,Entitlement Calendar,1,,,soentcal__c,310,soentcal,,49,,
Entitlement Calendar,FALSE,FALSE,m_soentcal__c,soentcal,/apex/listview?recType=soentcal,312,Custom57Mru,FALSE,a9V,Entitlement Calendar,1,2,,soentcal__c,310,soentcal,,49,,
Inventory Item Supersession,FALSE,FALSE,m_icitemss__c,icitemss,/apex/listview?recType=icitemss,312,Custom57Mru,FALSE,a6N,Inventory Item Supersession,1,,,icitemss__c,310,icitemss,,60,,
Inventory Item Supersession,FALSE,FALSE,m_icitemss__c,icitemss,/apex/listview?recType=icitemss,312,Custom57Mru,FALSE,a6N,Inventory Item Supersession,1,2,,icitemss__c,310,icitemss,,60,,
Inventory License Plate,FALSE,FALSE,m_iclicplate__c,iclicplate,/apex/listview?recType=iclicplate,312,Custom57Mru,FALSE,a6T,Inventory License Plate,1,2,,iclicplate__c,310,iclicplate,,50,,
Inventory License Plate,FALSE,FALSE,m_iclicplate__c,iclicplate,/apex/listview?recType=iclicplate,312,Custom57Mru,FALSE,a6T,Inventory License Plate,1,,,iclicplate__c,310,iclicplate,,50,,
Inventory Reconciliation,FALSE,FALSE,m_icinvrecon__c,icinvrecon,/apex/listview?recType=icinvrecon,312,Custom57Mru,FALSE,a6B,Inventory Reconciliation,1,,,icinvrecon__c,310,icinvrecon,,50,,
Inventory Reconciliation,FALSE,FALSE,m_icinvrecon__c,icinvrecon,/apex/listview?recType=icinvrecon,312,Custom57Mru,FALSE,a6B,Inventory Reconciliation,1,2,,icinvrecon__c,310,icinvrecon,,50,,
Inventory Reconciliation Review & Processing,FALSE,FALSE,m_icinvreconreviewandprocessing__c,icinvreconsearch,/apex/icinvreconsearch,312,Custom57Mru,FALSE,,Inventory Reconciliation Review & Processing,1,,,icinvreconsearch,310,,,51,,
Inventory Reconciliation Review & Processing,FALSE,FALSE,m_icinvreconreviewandprocessing__c,icinvreconsearch,/apex/icinvreconsearch,312,Custom57Mru,FALSE,,Inventory Reconciliation Review & Processing,1,2,,icinvreconsearch,310,,,51,,
Item Project Prices,FALSE,FALSE,m_icitemprojprice__c,csg,/apex/listview?recType=icitemprojprice,303,Custom57Mru,FALSE,a6I,Item Project Prices,1,2,,icitemprojprice__c,310,icitemprojprice,,62,,
Item Project Prices,FALSE,FALSE,m_icitemprojprice__c,csg,/apex/listview?recType=icitemprojprice,303,Custom57Mru,FALSE,a6I,Item Project Prices,1,,,icitemprojprice__c,310,icitemprojprice,,62,,
Item Usage Forecast,FALSE,FALSE,m_itemUsage__c,itemUsage,/apex/usageForecast,312,Custom57Mru,FALSE,,Item Usage Forecast,1,2,,usageforecast,310,,,57,,
Item Usage Forecast,FALSE,FALSE,m_itemUsage__c,itemUsage,/apex/usageForecast,312,Custom57Mru,FALSE,,Item Usage Forecast,1,,,usageforecast,310,,,57,,
Planned Location Transfer Maintenance,FALSE,FALSE,m_ictransreq__c,ictransreq,/apex/listview?recType=ictransreq,312,Custom57Mru,FALSE,a6m,Planned Location Transfer Maintenance,1,2,,ictransreq__c,310,ictransreq,,54,,
Planned Location Transfer Maintenance,FALSE,FALSE,m_ictransreq__c,ictransreq,/apex/listview?recType=ictransreq,312,Custom57Mru,FALSE,a6m,Planned Location Transfer Maintenance,1,,,ictransreq__c,310,ictransreq,,54,,
Planned Location Transfer Query,FALSE,FALSE,m_ictransreq__c,ictransreq,/apex/ictransreqList,312,Custom57Mru,FALSE,,Planned Location Transfer Query,1,2,,ictransreqlist,310,ictransreq,,55,,
Planned Location Transfer Query,FALSE,FALSE,m_ictransreq__c,ictransreq,/apex/ictransreqList,312,Custom57Mru,FALSE,,Planned Location Transfer Query,1,,,ictransreqlist,310,ictransreq,,55,,
Planned Transfer Picklist,FALSE,FALSE,m_createplannedtransferpicklist__c,createPlannedTransferPicklist,/apex/createPlannedTransferPicklist,312,Custom57Mru,FALSE,,Planned Transfer Picklist,1,2,,createplannedtransferpicklist,310,,,58,,
Planned Transfer Picklist,FALSE,FALSE,m_createplannedtransferpicklist__c,createPlannedTransferPicklist,/apex/createPlannedTransferPicklist,312,Custom57Mru,FALSE,,Planned Transfer Picklist,1,,,createplannedtransferpicklist,310,,,58,,
Postal Code Maintenance,FALSE,FALSE,m_syzip__c,syzip,/apex/listview?recType=syzip,312,Custom57Mru,FALSE,aBs,Postal Code Maintenance,1,,,syzip__c,310,syzip,,61,,
Process Replenishment,FALSE,FALSE,m_ictransreq__c,ictransreq,/apex/icreplenishProcessRequest,312,Custom57Mru,FALSE,,Process Replenishment,1,2,,icreplenishprocessrequest,310,ictransreq,,56,,
Process Replenishment,FALSE,FALSE,m_ictransreq__c,ictransreq,/apex/icreplenishProcessRequest,312,Custom57Mru,FALSE,,Process Replenishment,1,,,icreplenishprocessrequest,310,ictransreq,,56,,
Replenishment Location Maintenance,FALSE,FALSE,m_itemReplenish__c,icreplenish,/apex/listview?recType=icreplenish,312,Custom57Mru,FALSE,a6b,Replenishment Location Maintenance,1,2,,icreplenish__c,310,icreplenish,,60,,
Replenishment Location Maintenance,FALSE,FALSE,m_itemReplenish__c,icreplenish,/apex/listview?recType=icreplenish,312,Custom57Mru,FALSE,a6b,Replenishment Location Maintenance,1,,,icreplenish__c,310,icreplenish,,60,,
SO Picklist Header,FALSE,FALSE,m_sopickh__c,sopickh,/apex/listview?recType=sopickh,312,Custom57Mru,FALSE,aAJ,SO Picklist Header,1,,,sopickh__c,310,sopickh,,60,,
SO Picklist Header,FALSE,FALSE,m_sopickh__c,sopickh,/apex/listview?recType=sopickh,312,Custom57Mru,FALSE,aAJ,SO Picklist Header,1,2,,sopickh__c,310,sopickh,,60,,
Transfer Request Packing Slip,FALSE,FALSE,m_ictransreq__c,ictransreq,/apex/createPackingSlip,312,Custom57Mru,FALSE,,Transfer Request Packing Slip,1,2,,createpackingslip,310,,,56,,
Transfer Request Packing Slip,FALSE,FALSE,m_ictransreq__c,ictransreq,/apex/createPackingSlip,312,Custom57Mru,FALSE,,Transfer Request Packing Slip,1,,,createpackingslip,310,,,56,,
