"NAME","RSTK__APPSECURITYKEY__C","RSTK__HEADER__C","RSTK__HREF__C","RSTK__ID__C","RSTK__IMAGECLASS__C","RSTK__INACTIVE__C","RSTK__KEYPREFIX__C","RSTK__LABEL__C","RSTK__LEVEL__C","RSTK__PAGE__C","RSTK__PARENTID__C","RSTK__RECORDTYPE__C","RSTK__SECNSEQUENCE__C","RSTK__SEQUENCE__C","RSTK__SUBSECTION__C","RSTK__APPROVAL_ENABLED__C","RSTK__PAGEKEY__C","RSTK__MENUTYPE__C","RSTK__ACTIVITY_ENABLED__C","RSTK__HIDEADDLINK__C","RSTK__RSFINANCIALS__C","RSTK__RELATEDLISTS__C"
"Recurring Billing Batch Review","m_recservices__c","cpq","/apex/listview?recType=soconpbbatch","","Custom57Mru","false","a7s","Recurring Billing Batch Review","1.0","","244.0","SOCONPBBATCH","","13.0","Processes","true","soconpbbatch__c","","true","false","false",""
"Sales Contract Maintenance","m_socontract__c","cpq","/apex/listView?recType=socontract","","Custom57Mru","false","a6B","Sales Contract Maintenance","1.0","","244.0","socontract","","10.0","Maintenance","true","socontract__c","","true","false","false",""
"Sales Contract Device Deal Management","m_salesContractDevDealMgmt__c","cpq","/apex/SalesContractDevDealMgmt","","Custom57Mru","false","","Sales Contract Device Deal Management","1.0","","244.0","","","14.0","Processes","false","salescontractdevdealmgmt","","false","false","false",""
"Sales Contract Device Transfer","m_salesContractDevTransfer__c","cpq","/apex/SalesContractDevTransfer","","Custom57Mru","false","","Sales Contract Device Transfer","1.0","","244.0","","","15.0","Processes","false","salescontractdevtransfer","","false","false","false",""
"WO Operations WIP","m_wooperationswip__c","workorders","/apex/listview?recType=wopwip","244.0","Custom57Mru","false","a4d","WO Operations WIP","1.0","","14.0","wopwip","","8.0","WO Details","false","wopwip__c","","false","false","false",""
"CPQ and Contract","ms_cpq__c","","","244.0","","false","","CPQ and Contract","0.0","","","","43.0","43.0","","false","","","false","false","false",""
"Contract Terms Template","m_soctt__c","cpq","/apex/listView?recType=soctt","","Custom57Mru","false","a7Z","Contract Terms Template","1.0","","244.0","soctt","","9.0","","false","soctt__c","","false","false","false",""
"Master Services Agreement","m_msa__c","cpq","/apex/listView?recType=somsa","","Custom57Mru","false","a7b","Master Services Agreement","1.0","","244.0","somsa","","1.0","","false","somsa__c","","false","false","false",""
"Contract Terms Template","m_soctt__c","cpq","/apex/listView?recType=soctt","","Custom57Mru","false","a7Z","Contract Terms Template","1.0","","244.0","soctt","","9.0","","false","soctt__c","2.0","false","false","false",""
"Master Services Agreement","m_msa__c","cpq","/apex/listView?recType=somsa","","Custom57Mru","false","a7b","Master Services Agreement","1.0","","244.0","somsa","","1.0","","false","somsa__c","2.0","false","false","false",""
"Generate Recurring Billing","m_generateRecurringBilling__c","cpq","/apex/GenerateRecurringBillingExecution","","Custom57Mru","false","","Generate Recurring Billing","1.0","","244.0","soconpbill","","11.0","","false","generaterecurringbillingexecution","","false","false","false",""
"Contract Periodic Billing Review","m_soconpbill__c","cpq","/apex/listView?recType=soconpbill","","Custom57Mru","false","a7P","Contract Periodic Billing Review","1.0","","244.0","soconpbill","","12.0","","false","soconpbill__c","","false","false","false",""
"Customer MSA","m_custmsa__c","cpq","/apex/listView?recType=socustmsa","","Custom57Mru","false","a7a","Customer MSA","1.0","","244.0","socustmsa","","2.0","Maintenance","false","socustmsa__c","","false","false","false",""
